ChEMBL ID,Smiles,MaxEStateIndex,MinEStateIndex,MaxAbsEStateIndex,MinAbsEStateIndex,qed,MolWt,HeavyAtomMolWt,ExactMolWt,NumValenceElectrons,NumRadicalElectrons,MaxPartialCharge,MinPartialCharge,MaxAbsPartialCharge,MinAbsPartialCharge,FpDensityMorgan1,FpDensityMorgan2,FpDensityMorgan3,BCUT2D_MWHI,BCUT2D_MWLOW,BCUT2D_CHGHI,BCUT2D_CHGLO,BCUT2D_LOGPHI,BCUT2D_LOGPLOW,BCUT2D_MRHI,BCUT2D_MRLOW,BalabanJ,BertzCT,Chi0,Chi0n,Chi0v,Chi1,Chi1n,Chi1v,Chi2n,Chi2v,Chi3n,Chi3v,Chi4n,Chi4v,HallKierAlpha,Ipc,Kappa1,Kappa2,Kappa3,LabuteASA,PEOE_VSA1,PEOE_VSA10,PEOE_VSA11,PEOE_VSA12,PEOE_VSA13,PEOE_VSA14,PEOE_VSA2,PEOE_VSA3,PEOE_VSA4,PEOE_VSA5,PEOE_VSA6,PEOE_VSA7,PEOE_VSA8,PEOE_VSA9,SMR_VSA1,SMR_VSA10,SMR_VSA2,SMR_VSA3,SMR_VSA4,SMR_VSA5,SMR_VSA6,SMR_VSA7,SMR_VSA8,SMR_VSA9,SlogP_VSA1,SlogP_VSA10,SlogP_VSA11,SlogP_VSA12,SlogP_VSA2,SlogP_VSA3,SlogP_VSA4,SlogP_VSA5,SlogP_VSA6,SlogP_VSA7,SlogP_VSA8,SlogP_VSA9,TPSA,EState_VSA1,EState_VSA10,EState_VSA11,EState_VSA2,EState_VSA3,EState_VSA4,EState_VSA5,EState_VSA6,EState_VSA7,EState_VSA8,EState_VSA9,VSA_EState1,VSA_EState10,VSA_EState2,VSA_EState3,VSA_EState4,VSA_EState5,VSA_EState6,VSA_EState7,VSA_EState8,VSA_EState9,FractionCSP3,HeavyAtomCount,NHOHCount,NOCount,NumAliphaticCarbocycles,NumAliphaticHeterocycles,NumAliphaticRings,NumAromaticCarbocycles,NumAromaticHeterocycles,NumAromaticRings,NumHAcceptors,NumHDonors,NumHeteroatoms,NumRotatableBonds,NumSaturatedCarbocycles,NumSaturatedHeterocycles,NumSaturatedRings,RingCount,MolLogP,MolMR,fr_Al_COO,fr_Al_OH,fr_Al_OH_noTert,fr_ArN,fr_Ar_COO,fr_Ar_N,fr_Ar_NH,fr_Ar_OH,fr_COO,fr_COO2,fr_C_O,fr_C_O_noCOO,fr_C_S,fr_HOCCN,fr_Imine,fr_NH0,fr_NH1,fr_NH2,fr_N_O,fr_Ndealkylation1,fr_Ndealkylation2,fr_Nhpyrrole,fr_SH,fr_aldehyde,fr_alkyl_carbamate,fr_alkyl_halide,fr_allylic_oxid,fr_amide,fr_amidine,fr_aniline,fr_aryl_methyl,fr_azide,fr_azo,fr_barbitur,fr_benzene,fr_benzodiazepine,fr_bicyclic,fr_diazo,fr_dihydropyridine,fr_epoxide,fr_ester,fr_ether,fr_furan,fr_guanido,fr_halogen,fr_hdrzine,fr_hdrzone,fr_imidazole,fr_imide,fr_isocyan,fr_isothiocyan,fr_ketone,fr_ketone_Topliss,fr_lactam,fr_lactone,fr_methoxy,fr_morpholine,fr_nitrile,fr_nitro,fr_nitro_arom,fr_nitro_arom_nonortho,fr_nitroso,fr_oxazole,fr_oxime,fr_para_hydroxylation,fr_phenol,fr_phenol_noOrthoHbond,fr_phos_acid,fr_phos_ester,fr_piperdine,fr_piperzine,fr_priamide,fr_prisulfonamd,fr_pyridine,fr_quatN,fr_sulfide,fr_sulfonamd,fr_sulfone,fr_term_acetylene,fr_tetrazole,fr_thiazole,fr_thiocyan,fr_thiophene,fr_unbrch_alkane,fr_urea
CHEMBL4450911,C[C@H](CS)C(=O)N[C@H](B(O)O)c1ccc2ccccc2c1,11.943623551272362,-1.6646022297808012,11.943623551272362,0.25346424372218035,0.500546685046284,303.19200000000006,285.048,303.110044836,110,0,0.4797610738604133,-0.4255121888429974,0.4797610738604133,0.4255121888429974,1.2380952380952381,1.9047619047619047,2.5238095238095237,32.11686741363053,9.742731640132265,2.2802325583686494,-2.2028184440214864,2.212585485918446,-2.413784164988247,7.797965018529975,-0.12382049166163321,2.2941945288653507,635.0997688302225,15.405412915006313,11.730498550046546,12.624925741046463,10.024075805453153,6.787091128416564,7.419546660450239,5.0900814609496186,5.45522983261973,3.4499874264888546,3.9977099839940213,2.1096806474699403,2.2755033396374618,-1.495064935064935,53051.482949009995,15.885571481749706,6.978602498620704,3.7827883689117425,129.28530069115433,15.364833754138338,0.0,0.0,5.907179729351506,0.0,7.118392334224363,4.794537184071822,0.0,12.628789148012991,0.0,43.321939610460284,22.402266989088197,11.670759652908181,5.941192597865798,14.84258233420383,36.42680964051845,0.0,5.316788604006331,5.917906046161393,12.864929797556421,5.752853606746789,48.02802097092827,0.0,0.0,5.316788604006331,0.0,0.0,12.628789148012991,28.826470820454663,4.794537184071822,5.917906046161393,18.428381289253416,42.46456947923127,0.0,10.772448428929591,0.0,69.56,13.05958493209016,14.84258233420383,0.0,11.8250857755129,11.316305098443785,10.772448428929591,0.0,12.990104268152233,36.39820241076966,17.94557775201932,0.0,0.0,4.078957024261257,11.943623551272362,23.827139672741524,0.6559391534391537,-1.0061315280371927,13.31434017662944,0.0,1.7396230683631477,-1.6646022297808012,0.26666666666666666,21,3,4,0,0,0,2,0,2,4,4,6,5,0,0,0,2,1.575,88.04030000000002,0,0,0,0,0,0,0,0,0,0,1,1,0,0,0,0,1,0,0,0,0,0,1,0,0,0,0,1,0,0,0,0,0,0,2,0,1,0,0,0,0,0,0,0,0,0,0,0,0,0,0,0,0,0,0,0,0,0,0,0,0,0,0,0,0,0,0,0,0,0,0,0,0,0,0,0,0,0,0,0,0,0,0,0,0
CHEMBL4444926,C[C@H](CS)C(=O)N[C@@H](B(O)O)c1ccc2ccccc2c1,11.943623551272362,-1.6646022297808012,11.943623551272362,0.25346424372218035,0.500546685046284,303.19200000000006,285.048,303.110044836,110,0,0.4797610738604133,-0.4255121888429974,0.4797610738604133,0.4255121888429974,1.2380952380952381,1.9047619047619047,2.5238095238095237,32.11686741363053,9.742731640132265,2.2802325583686494,-2.2028184440214864,2.212585485918446,-2.413784164988247,7.797965018529975,-0.12382049166163321,2.2941945288653507,635.0997688302225,15.405412915006313,11.730498550046546,12.624925741046463,10.024075805453153,6.787091128416564,7.419546660450239,5.0900814609496186,5.45522983261973,3.4499874264888546,3.9977099839940213,2.1096806474699403,2.2755033396374618,-1.495064935064935,53051.482949009995,15.885571481749706,6.978602498620704,3.7827883689117425,129.28530069115433,15.364833754138338,0.0,0.0,5.907179729351506,0.0,7.118392334224363,4.794537184071822,0.0,12.628789148012991,0.0,43.321939610460284,22.402266989088197,11.670759652908181,5.941192597865798,14.84258233420383,36.42680964051845,0.0,5.316788604006331,5.917906046161393,12.864929797556421,5.752853606746789,48.02802097092827,0.0,0.0,5.316788604006331,0.0,0.0,12.628789148012991,28.826470820454663,4.794537184071822,5.917906046161393,18.428381289253416,42.46456947923127,0.0,10.772448428929591,0.0,69.56,13.05958493209016,14.84258233420383,0.0,11.8250857755129,11.316305098443785,10.772448428929591,0.0,12.990104268152233,36.39820241076966,17.94557775201932,0.0,0.0,4.078957024261257,11.943623551272362,23.827139672741524,0.6559391534391537,-1.0061315280371927,13.31434017662944,0.0,1.7396230683631477,-1.6646022297808012,0.26666666666666666,21,3,4,0,0,0,2,0,2,4,4,6,5,0,0,0,2,1.575,88.04030000000002,0,0,0,0,0,0,0,0,0,0,1,1,0,0,0,0,1,0,0,0,0,0,1,0,0,0,0,1,0,0,0,0,0,0,2,0,1,0,0,0,0,0,0,0,0,0,0,0,0,0,0,0,0,0,0,0,0,0,0,0,0,0,0,0,0,0,0,0,0,0,0,0,0,0,0,0,0,0,0,0,0,0,0,0,0
CHEMBL4439726,C[C@H](CS)C(=O)N[C@@H](Cc1coc2ccccc12)B(O)O,11.875348088309398,-1.6437688964474682,11.875348088309398,0.25379587637524126,0.4745872626593373,307.18,289.036,307.10495945599996,112,0,0.47530654592099486,-0.4640526636675495,0.47530654592099486,0.4640526636675495,1.4285714285714286,2.142857142857143,2.8095238095238093,32.11686743105871,9.753911716200527,2.276458434171499,-2.189678059972799,2.2171033109094638,-2.4913516036076673,7.797964535148353,-0.12376151999152382,2.1457229487829625,615.7947440311468,15.405412915006313,11.691153083317705,12.585580274317621,10.024075805453155,6.750685343388563,7.383140875422239,5.07353984761866,5.438688219288772,3.409981049978015,3.9577036074831806,2.066655587876075,2.2324782800435963,-1.4350649350649352,63123.40616136397,15.944488617322335,7.019724201795355,3.810160734124772,128.44457206962778,19.781984691191685,5.583020141642242,0.0,5.907179729351506,0.0,7.118392334224363,4.794537184071822,0.0,12.628789148012991,0.0,25.122838405075452,18.050640183084614,17.056983867372978,12.204355593504854,19.259733271257176,36.6236055676959,0.0,5.316788604006331,5.917906046161393,19.28575142048243,5.752853606746789,36.09208276118249,0.0,0.0,5.316788604006331,0.0,0.0,12.628789148012991,34.76766341832046,11.21535880699783,5.917906046161393,12.487188691387619,34.945782206538844,0.0,10.969244356107037,0.0,82.7,13.05958493209016,14.84258233420383,0.0,18.24590739843891,5.752853606746789,16.532695847804035,0.0,13.186900195329681,24.26546827384644,17.94557775201932,4.417150937053347,5.415065507684556,4.065691718138808,11.875348088309398,22.49813199868425,1.552091574284035,-0.942816697475338,7.481495902602955,1.8551127925450015,1.7325369005626943,-1.6437688964474682,0.35714285714285715,21,3,5,0,0,0,1,1,2,5,4,7,6,0,0,0,2,1.0379999999999998,85.05730000000003,0,0,0,0,0,0,0,0,0,0,1,1,0,0,0,0,1,0,0,0,0,0,1,0,0,0,0,1,0,0,0,0,0,0,1,0,1,0,0,0,0,0,1,0,0,0,0,0,0,0,0,0,0,0,0,0,0,0,0,0,0,0,0,0,1,0,0,0,0,0,0,0,0,0,0,0,0,0,0,0,0,0,0,0,0
CHEMBL4460127,C[C@H](CS)C(=O)N[C@H](Cc1coc2ccccc12)B(O)O,11.875348088309398,-1.6437688964474682,11.875348088309398,0.25379587637524126,0.4745872626593373,307.18,289.036,307.10495945599996,112,0,0.47530654592099486,-0.4640526636675495,0.47530654592099486,0.4640526636675495,1.4285714285714286,2.142857142857143,2.8095238095238093,32.11686743105871,9.753911716200527,2.276458434171499,-2.189678059972799,2.2171033109094638,-2.4913516036076673,7.797964535148353,-0.12376151999152382,2.1457229487829625,615.7947440311468,15.405412915006313,11.691153083317705,12.585580274317621,10.024075805453155,6.750685343388563,7.383140875422239,5.07353984761866,5.438688219288772,3.409981049978015,3.9577036074831806,2.066655587876075,2.2324782800435963,-1.4350649350649352,63123.40616136397,15.944488617322335,7.019724201795355,3.810160734124772,128.44457206962778,19.781984691191685,5.583020141642242,0.0,5.907179729351506,0.0,7.118392334224363,4.794537184071822,0.0,12.628789148012991,0.0,25.122838405075452,18.050640183084614,17.056983867372978,12.204355593504854,19.259733271257176,36.6236055676959,0.0,5.316788604006331,5.917906046161393,19.28575142048243,5.752853606746789,36.09208276118249,0.0,0.0,5.316788604006331,0.0,0.0,12.628789148012991,34.76766341832046,11.21535880699783,5.917906046161393,12.487188691387619,34.945782206538844,0.0,10.969244356107037,0.0,82.7,13.05958493209016,14.84258233420383,0.0,18.24590739843891,5.752853606746789,16.532695847804035,0.0,13.186900195329681,24.26546827384644,17.94557775201932,4.417150937053347,5.415065507684556,4.065691718138808,11.875348088309398,22.49813199868425,1.552091574284035,-0.942816697475338,7.481495902602955,1.8551127925450015,1.7325369005626943,-1.6437688964474682,0.35714285714285715,21,3,5,0,0,0,1,1,2,5,4,7,6,0,0,0,2,1.0379999999999998,85.05730000000003,0,0,0,0,0,0,0,0,0,0,1,1,0,0,0,0,1,0,0,0,0,0,1,0,0,0,0,1,0,0,0,0,0,0,1,0,1,0,0,0,0,0,1,0,0,0,0,0,0,0,0,0,0,0,0,0,0,0,0,0,0,0,0,0,1,0,0,0,0,0,0,0,0,0,0,0,0,0,0,0,0,0,0,0,0
CHEMBL253224,CC[C@@H](C)[C@H](S)C(=O)N[C@@H](Cc1ccc(O)cc1)C(=O)O,12.011730809607792,-1.0961945704207603,12.011730809607792,0.0661579834974495,0.5788708088556082,311.4030000000001,290.235,311.11912915199997,116,0,0.32604652209732227,-0.5079666451554685,0.5079666451554685,0.32604652209732227,1.2857142857142858,1.8571428571428572,2.3333333333333335,32.116997135921366,10.02055582470768,2.2564630596863005,-2.20404194413116,2.1492841053989244,-2.4626061880312258,7.814026105943683,-0.14135560284529963,2.718191270825501,488.9519139967954,15.991199352633217,12.113802814128078,13.008230005127993,9.845443010499071,6.838893739771847,7.355291519266169,5.100352673298438,5.656693960045572,3.4423300458790878,4.185799653769479,1.8065870385579348,2.0919411484858204,-1.69,33211.19129964662,17.361786639047125,7.925757564725811,5.301812853020709,129.33232270055578,15.529843393687743,11.791352662431866,0.0,5.907179729351506,0.0,5.969305287951849,4.794537184071822,4.794537184071822,12.628789148012991,0.0,32.40103015923048,23.61409167478161,6.4208216229260096,5.249938029982174,19.802129157825057,24.505274165316344,0.0,5.316788604006331,5.917906046161393,37.9808965043634,0.0,29.828919765543436,0.0,5.749511833283905,5.316788604006331,0.0,5.749511833283905,12.628789148012991,33.3813186661149,16.00989599106965,5.917906046161393,25.831747514004253,24.26546827384644,0.0,0.0,0.0,86.63000000000001,17.261084147081984,19.802129157825057,0.0,23.995419231722813,0.0,11.984273114623004,12.13273413692322,12.13273413692322,13.847474399381248,17.94557775201932,0.0,0.0,4.244640545552643,23.290952039766523,20.423124205983118,0.721994703745696,-1.2932633822072843,5.210839142241258,0.9440912214288839,3.8465104123780516,0.0,0.4666666666666667,21,3,5,0,0,0,1,0,1,4,4,6,7,0,0,0,1,1.8485999999999998,83.60630000000003,1,0,0,0,0,0,0,1,1,1,2,1,0,0,0,0,1,0,0,0,0,0,1,0,0,0,0,1,0,0,0,0,0,0,1,0,0,0,0,0,0,0,0,0,0,0,0,0,0,0,0,0,0,0,0,0,0,0,0,0,0,0,0,0,0,1,1,0,0,0,0,0,0,0,0,0,0,0,0,0,0,0,0,0,0
CHEMBL405232,CC(C)C[C@@H](N)P(=O)(O)C[C@@H](Cc1ccccc1)C(=O)O,12.321643361048121,-3.6875009054547743,12.321643361048121,0.19247814892205195,0.640262367553678,313.33400000000006,289.142,313.1442948779999,118,0,0.30689157632042824,-0.4810061653022356,0.4810061653022356,0.30689157632042824,1.2857142857142858,1.8571428571428572,2.3333333333333335,31.177674257435235,10.013850451774042,2.3386696880260107,-2.233430441534127,2.4770992425996683,-2.2848824920863837,7.582716882776429,-0.1405101630280152,2.781714940809697,503.654898295463,16.04360559544051,12.475610133693879,13.370037324693794,9.720051237716591,7.058670945860048,8.972672629058156,5.859978693227032,8.399665741998406,3.3872636911458276,5.598481675103318,2.22742310441006,4.166095569971363,-1.16,27000.709466412056,17.890403225806452,7.736279231074118,6.000223605430931,125.1820326087356,15.733606474755366,0.0,0.0,7.368827530443599,0.0,5.969305287951849,9.35958546900315,0.0,0.0,0.0,44.179309741689295,24.323000783710405,6.161910027467921,11.700835279851265,19.359524466596334,13.338132818395447,0.0,0.0,17.56947956948497,32.47204687892314,6.161910027467921,35.89528683400505,0.0,0.0,5.733667477162185,0.0,0.0,7.368827530443599,27.91408354670282,15.78040709192916,11.835812092322787,25.831747514004253,30.33183534230805,0.0,0.0,0.0,100.62000000000002,25.038968098246713,19.359524466596334,0.0,18.500637696555323,6.4208216229260096,5.563451491696996,0.0,0.0,44.179309741689295,0.0,5.733667477162185,12.321643361048121,0.0,21.449720647518266,9.288526392038298,6.623677931048963,-2.639518208262798,9.099100714876554,0.3528670634920634,3.830371892584194,-3.6875009054547743,0.5333333333333333,21,4,5,0,0,0,1,0,1,3,3,6,8,0,0,0,1,2.5312,83.39450000000004,1,0,0,0,0,0,0,0,1,1,1,0,0,0,0,0,0,1,0,0,0,0,0,0,0,0,0,0,0,0,0,0,0,0,1,0,0,0,0,0,0,0,0,0,0,0,0,0,0,0,0,0,0,0,0,0,0,0,0,0,0,0,0,0,0,0,0,0,0,0,0,0,0,0,0,0,0,0,0,0,0,0,0,0,0
CHEMBL258333,O=C(CS)N[C@@H](Cc1ccc(-c2ccccc2)cc1)C(=O)O,11.30516494022724,-1.053454409414005,11.30516494022724,0.03102678208856746,0.7171904529799131,315.39400000000006,298.258,315.092914404,114,0,0.32604636879641274,-0.47970863393927027,0.47970863393927027,0.32604636879641274,1.0,1.5909090909090908,2.1363636363636362,32.116867376172124,10.00474298823905,2.191906029955013,-2.1388616657278425,2.192741791452675,-2.4241443815111867,7.8058168263434595,-0.14096414874360302,2.091429049385892,640.7134431991817,15.94938298937633,11.898640026196999,12.793067217196915,10.596555450524587,6.872839002639594,7.505294534673269,4.883524285341015,5.199752051357853,3.2778054522050644,3.565018780087063,2.1396354291007764,2.2309225220183047,-2.27,96821.31472120687,16.10660602667378,7.656944680226838,4.361821964926302,134.13541469683736,10.423315998847038,6.041840829147961,0.0,5.907179729351506,0.0,5.969305287951849,4.794537184071822,4.794537184071822,12.628789148012991,0.0,54.59730361615449,16.690354475090988,6.4208216229260096,5.752853606746789,14.69560176298435,24.505274165316344,0.0,5.316788604006331,0.0,12.462662452073971,5.752853606746789,60.160755107851486,0.0,11.126902983393991,5.316788604006331,0.0,0.0,12.628789148012991,28.77770684803881,16.00989599106965,0.0,5.563451491696996,54.59730361615449,0.0,11.126902983393991,0.0,66.4,17.918325846451317,14.69560176298435,0.0,12.1736752296728,0.0,16.690354475090988,0.0,0.0,54.59730361615449,17.94557775201932,0.0,0.0,3.833668645802438,22.509184179899435,11.617948839863974,3.022569837686631,-1.4764820780218568,16.641998676306294,0.24000078735197783,0.0,0.0,0.17647058823529413,22,2,4,0,0,0,2,0,2,3,3,5,6,0,0,0,2,2.3952999999999998,89.00150000000005,1,0,0,0,0,0,0,0,1,1,2,1,0,0,0,0,1,0,0,0,0,0,1,0,0,0,0,1,0,0,0,0,0,0,2,0,0,0,0,0,0,0,0,0,0,0,0,0,0,0,0,0,0,0,0,0,0,0,0,0,0,0,0,0,0,0,0,0,0,0,0,0,0,0,0,0,0,0,0,0,0,0,0,0,0
CHEMBL257727,C[C@H](S)C(=O)N[C@@H](Cc1ccc(-c2ccccc2)cc1)C(=O)O,11.636183458745757,-1.0560470020065973,11.636183458745757,0.2327785651297556,0.7140667301328801,329.42100000000005,310.269,329.108564468,120,0,0.326046519533563,-0.47970863309828954,0.47970863309828954,0.326046519533563,1.0434782608695652,1.608695652173913,2.130434782608696,32.11699606615642,10.003920233956752,2.214437801276493,-2.157790727175236,2.1934900637323915,-2.44390013510866,7.8134232766231095,-0.14118873594098016,2.088285129684672,668.4258703727342,16.81962647737941,12.768883514200077,13.663310705199994,10.96923425058676,7.327282139561081,7.843679919055404,5.342458306449273,6.117054975690758,3.4949130965828594,3.729421796795386,2.191985427409202,2.2665210266591957,-2.27,137571.3552468562,17.089683510700816,7.830920618790326,4.8582350627185,140.500356811234,10.423315998847038,6.041840829147961,0.0,5.907179729351506,0.0,5.969305287951849,4.794537184071822,4.794537184071822,12.628789148012991,0.0,54.59730361615449,23.61409167478161,6.4208216229260096,5.249938029982174,14.69560176298435,24.505274165316344,0.0,5.316788604006331,0.0,24.63633768174677,0.0,60.160755107851486,0.0,11.126902983393991,5.316788604006331,0.0,0.0,12.628789148012991,28.274791271274196,16.00989599106965,0.0,12.487188691387619,54.59730361615449,0.0,11.126902983393991,0.0,66.4,17.261084147081984,14.69560176298435,0.0,12.328001352277514,0.0,16.690354475090988,0.0,6.923737199690624,54.59730361615449,17.94557775201932,0.0,0.0,4.011137781604907,22.946873144374116,11.209819103089686,3.018032871793244,-1.4434182588962523,16.643815559773397,0.2327785651297556,1.6031834553533688,0.0,0.2222222222222222,23,2,4,0,0,0,2,0,2,3,3,5,6,0,0,0,2,2.7838000000000003,93.59650000000005,1,0,0,0,0,0,0,0,1,1,2,1,0,0,0,0,1,0,0,0,0,0,1,0,0,0,0,1,0,0,0,0,0,0,2,0,0,0,0,0,0,0,0,0,0,0,0,0,0,0,0,0,0,0,0,0,0,0,0,0,0,0,0,0,0,0,0,0,0,0,0,0,0,0,0,0,0,0,0,0,0,0,0,0,0
CHEMBL4451026,O=C(N[C@@H](Cc1ccccc1)B(O)O)C(CS)Cc1ccccc1,12.501488882590074,-1.6190289325606797,12.501488882590074,0.21955168178382456,0.433906052712285,343.2570000000001,321.0810000000001,343.141344964,126,0,0.4753040574790278,-0.4257286741462677,0.4753040574790278,0.4257286741462677,0.9583333333333334,1.4583333333333333,1.9166666666666667,32.11686761135699,9.753236257067886,2.279265572398963,-2.214368949297499,2.1191005168727877,-2.4981702909652115,7.797990449536791,-0.12424427444651306,1.9987825253816252,624.6757039455842,17.363596551749424,13.37676291998852,14.271190110988435,11.596555450524585,7.950652150890106,8.583107682923782,5.78763688120512,6.152785252875232,3.9020880509222,4.342861126504418,2.538349597537311,2.8332717345784126,-1.7550649350649348,258104.91248196608,18.581693136326386,9.518814673197694,5.7076145473546145,148.0256724798797,15.364833754138338,0.0,0.0,5.907179729351506,0.0,7.118392334224363,4.794537184071822,0.0,12.628789148012991,0.0,60.6636706846161,23.96854622924601,5.752853606746789,11.859098644027192,14.84258233420383,25.65436121158886,0.0,5.316788604006331,5.917906046161393,18.782835843717816,5.752853606746789,71.7905736680101,0.0,0.0,5.316788604006331,0.0,0.0,12.628789148012991,34.76766341832046,17.63618042992384,5.917906046161393,11.126902983393991,60.6636706846161,0.0,0.0,0.0,69.56,13.05958493209016,14.84258233420383,0.0,11.8250857755129,18.59449685259881,11.126902983393991,0.0,0.0,60.6636706846161,17.94557775201932,0.0,0.0,4.2727895721513445,12.501488882590074,21.924976640373018,1.9835547740165351,-0.908307403208197,19.14548955557719,0.9212591332829427,0.0,-1.6190289325606797,0.2777777777777778,24,3,4,0,0,0,2,0,2,4,4,6,8,0,0,0,2,1.5146,99.7573,0,0,0,0,0,0,0,0,0,0,1,1,0,0,0,0,1,0,0,0,0,0,1,0,0,0,0,1,0,0,0,0,0,0,2,0,0,0,0,0,0,0,0,0,0,0,0,0,0,0,0,0,0,0,0,0,0,0,0,0,0,0,0,0,0,0,0,0,0,0,0,0,0,0,0,0,0,0,0,0,0,0,0,0,0
CHEMBL257726,CC[C@H](S)C(=O)N[C@@H](Cc1ccc(-c2ccccc2)cc1)C(=O)O,11.867433458745756,-1.048960834206144,11.867433458745756,0.23646337238599147,0.6766166474835648,343.44800000000004,322.28000000000003,343.124214532,126,0,0.3260465207441163,-0.47970863309506745,0.47970863309506745,0.3260465207441163,1.0416666666666667,1.625,2.1666666666666665,32.116996707212046,10.00339011089442,2.224817027805303,-2.1674863549725925,2.1941609163063207,-2.4486527256542825,7.813771111603626,-0.14124074545212745,2.070695178329372,685.5179051177647,17.526733258565955,13.475990295386625,14.370417486386541,11.507239053047547,7.865286942021867,8.381684721516189,5.590530903638149,6.213878165055422,3.8048181361039815,4.4044752079866205,2.3529730651240475,2.427508664374041,-2.27,239989.77566350493,18.074215623293703,8.54532042354979,4.862157575598351,146.86529892563058,10.423315998847038,6.041840829147961,0.0,5.907179729351506,0.0,5.969305287951849,4.794537184071822,4.794537184071822,12.628789148012991,0.0,61.52104081584511,23.111176098016994,6.4208216229260096,5.249938029982174,14.69560176298435,24.505274165316344,0.0,5.316788604006331,0.0,31.05715930467278,0.0,60.160755107851486,0.0,11.126902983393991,5.316788604006331,0.0,0.0,12.628789148012991,28.274791271274196,16.00989599106965,0.0,18.90801031431363,54.59730361615449,0.0,11.126902983393991,0.0,66.4,17.261084147081984,14.69560176298435,0.0,12.328001352277514,6.4208216229260096,16.690354475090988,0.0,0.0,61.52104081584511,17.94557775201932,0.0,0.0,4.143082226049351,23.26645222600677,11.384699110648263,3.0270912157460685,-1.4016098688735767,16.688680344883146,0.7851301589192865,1.8286968088429127,0.0,0.2631578947368421,24,2,4,0,0,0,2,0,2,3,3,5,7,0,0,0,2,3.1739000000000015,98.21350000000005,1,0,0,0,0,0,0,0,1,1,2,1,0,0,0,0,1,0,0,0,0,0,1,0,0,0,0,1,0,0,0,0,0,0,2,0,0,0,0,0,0,0,0,0,0,0,0,0,0,0,0,0,0,0,0,0,0,0,0,0,0,0,0,0,0,0,0,0,0,0,0,0,0,0,0,0,0,0,0,0,0,0,0,0,0
CHEMBL404044,CC(C)(S)C(=O)N[C@@H](Cc1ccc(-c2ccccc2)cc1)C(=O)O,11.957942718005015,-1.0619729279325238,11.957942718005015,0.22222300957419994,0.7059213407342798,343.44800000000004,322.28000000000003,343.124214532,126,0,0.32604667143095345,-0.47970863225031185,0.47970863225031185,0.32604667143095345,1.0416666666666667,1.5833333333333333,2.0833333333333335,32.117125405633,10.000779394155616,2.27761695160569,-2.210271649170386,2.197494597133057,-2.479919547740512,7.82262494264961,-0.14153918731639464,2.100494028771336,705.6418011767763,17.742276208189786,13.691533245010453,14.585960436010367,11.269875513468989,7.676664643779461,8.123878239279419,6.190375206729469,7.308409195479364,3.6599748904249916,3.8630653822175094,2.234519919333463,2.2990696417702536,-2.27,177839.4507643326,18.074215623293703,7.532887161378982,4.862157575598351,146.86529892563058,10.423315998847038,6.041840829147961,0.0,5.907179729351506,0.0,5.969305287951849,4.794537184071822,4.794537184071822,12.628789148012991,0.0,54.59730361615449,30.537828874472233,6.4208216229260096,4.747022453217559,14.69560176298435,24.505274165316344,0.0,5.316788604006331,0.0,31.05715930467278,0.0,60.160755107851486,0.0,11.126902983393991,5.316788604006331,0.0,0.0,12.628789148012991,27.771875694509582,16.00989599106965,0.0,19.410925891078243,54.59730361615449,0.0,11.126902983393991,0.0,66.4,22.665348299668878,14.69560176298435,0.0,6.4208216229260096,0.0,16.690354475090988,0.0,13.847474399381248,54.59730361615449,17.94557775201932,0.0,-0.9257274159312052,4.167773584074043,23.372988034774718,11.878436368208643,3.009318951167346,-1.4655478885258826,16.63139066817362,0.22222300957419994,3.248033577373404,0.0,0.2631578947368421,24,2,4,0,0,0,2,0,2,3,3,5,6,0,0,0,2,3.1739000000000015,98.21350000000005,1,0,0,0,0,0,0,0,1,1,2,1,0,0,0,0,1,0,0,0,0,0,1,0,0,0,0,1,0,0,0,0,0,0,2,0,0,0,0,0,0,0,0,0,0,0,0,0,0,0,0,0,0,0,0,0,0,0,0,0,0,0,0,0,0,0,0,0,0,0,0,0,0,0,0,0,0,0,0,0,0,0,0,0,0
CHEMBL253428,CC[C@@H](C)[C@H](S)C(=O)N[C@@H](Cc1ccc2ccccc2c1)C(=O)O,12.209989852052441,-1.0405615919207183,12.209989852052441,0.08652512290499281,0.6746990369587161,345.4640000000001,322.28000000000003,345.139864596,128,0,0.326046525092612,-0.47970863308354666,0.47970863308354666,0.326046525092612,1.1666666666666667,1.8333333333333333,2.4583333333333335,32.116997305604265,10.001656488350944,2.2574932931723724,-2.2054085049617314,2.1757431820928588,-2.4626609550510064,7.814029627386879,-0.14135552012111405,2.122328836182052,731.3786102443452,17.689869965382485,13.898640026196999,14.793067217196914,11.417922655570507,8.10930387787816,8.625701657372481,6.115408466164727,6.67174975291186,4.319866440953668,5.063336048844057,2.5403126941963814,2.825666804124268,-2.01,209474.10669777892,18.330409365344277,8.196143370256474,4.507750968124627,147.21975348009497,10.423315998847038,6.041840829147961,0.0,5.907179729351506,0.0,5.969305287951849,4.794537184071822,4.794537184071822,12.628789148012991,0.0,62.73286550153853,22.253805966787983,6.4208216229260096,5.249938029982174,14.69560176298435,35.27772259424594,0.0,5.316788604006331,5.917906046161393,37.9808965043634,0.0,48.02802097092827,0.0,0.0,5.316788604006331,0.0,0.0,12.628789148012991,28.274791271274196,16.00989599106965,5.917906046161393,25.831747514004253,42.46456947923127,0.0,10.772448428929591,0.0,66.4,17.261084147081984,14.69560176298435,0.0,18.24590739843891,0.0,22.756721543552597,0.0,0.0,56.31204387861251,17.94557775201932,0.0,0.0,4.312624509773981,23.735249914410716,13.695876090594556,0.8756058148568072,-1.2865619267296753,12.766225396216052,1.0524907729540596,3.9040449834790563,0.0,0.3684210526315789,24,2,4,0,0,0,2,0,2,3,3,5,7,0,0,0,2,3.2962000000000016,99.44750000000006,1,0,0,0,0,0,0,0,1,1,2,1,0,0,0,0,1,0,0,0,0,0,1,0,0,0,0,1,0,0,0,0,0,0,2,0,1,0,0,0,0,0,0,0,0,0,0,0,0,0,0,0,0,0,0,0,0,0,0,0,0,0,0,0,0,0,0,0,0,0,0,0,0,0,0,0,0,0,0,0,0,0,0,0,0
CHEMBL400527,CC[C@@H](C)[C@H](S)C(=O)N[C@@H](Cc1cccc2ccccc12)C(=O)O,12.261208427815571,-1.0407694003527335,12.261208427815571,0.08364227506633704,0.6746990369587161,345.4640000000001,322.28000000000003,345.139864596,128,0,0.326046924361748,-0.4797086308764574,0.4797086308764574,0.326046924361748,1.1666666666666667,1.8333333333333333,2.5,32.11699730561538,9.978751757484062,2.2608974549648857,-2.2086518736986753,2.201985565337122,-2.4629497310255632,7.814029779532855,-0.14134741517622706,2.1936716094878275,726.128610244345,17.689869965382485,13.898640026196999,14.793067217196914,11.434759407976115,8.115286942021868,8.631684721516189,6.072177772625974,6.628519059373106,4.370136631650933,5.1136062395413235,2.6292556701098513,2.914609780037737,-2.01,214326.16740449914,18.330409365344277,8.196143370256474,4.290489929621236,147.21975348009497,10.423315998847038,6.041840829147961,0.0,5.907179729351506,0.0,5.969305287951849,4.794537184071822,4.794537184071822,12.628789148012991,0.0,62.73286550153853,22.253805966787983,6.4208216229260096,5.249938029982174,14.69560176298435,35.27772259424594,0.0,5.316788604006331,5.917906046161393,37.9808965043634,0.0,48.02802097092827,0.0,0.0,5.316788604006331,0.0,0.0,12.628789148012991,28.274791271274196,16.00989599106965,5.917906046161393,25.831747514004253,42.46456947923127,0.0,10.772448428929591,0.0,66.4,17.261084147081984,14.69560176298435,0.0,18.24590739843891,0.0,22.756721543552597,0.0,0.0,56.31204387861251,17.94557775201932,0.0,0.0,4.323222230811517,23.858956837364573,13.670768281720061,0.9028280370790294,-1.2901641518254068,12.635823989728358,1.0476964232790351,3.906423907398384,0.0,0.3684210526315789,24,2,4,0,0,0,2,0,2,3,3,5,7,0,0,0,2,3.2962000000000016,99.44750000000008,1,0,0,0,0,0,0,0,1,1,2,1,0,0,0,0,1,0,0,0,0,0,1,0,0,0,0,1,0,0,0,0,0,0,2,0,1,0,0,0,0,0,0,0,0,0,0,0,0,0,0,0,0,0,0,0,0,0,0,0,0,0,0,0,0,0,0,0,0,0,0,0,0,0,0,0,0,0,0,0,0,0,0,0,0
CHEMBL412123,N[C@H](Cc1ccccc1)P(=O)(O)C[C@@H](Cc1ccccc1)C(=O)O,12.59051666036785,-3.7990686807130256,12.59051666036785,0.20712333081380696,0.6375858977770875,347.351,325.17500000000007,347.1286448139999,128,0,0.30689157797128513,-0.48100616529788265,0.48100616529788265,0.30689157797128513,0.9583333333333334,1.4166666666666667,1.875,31.177674509408988,10.013881771715319,2.3373836042191765,-2.2241495734805383,2.4683303359316544,-2.2900219083703734,7.582818521254256,-0.14051012569062793,2.059108882284697,705.4734042775925,17.579139501373252,13.285011210452383,14.179438401452298,11.381847280265067,7.759959110133167,9.673960793331275,5.920152287599587,8.45983933637096,3.962032297116187,6.145005956230838,2.577957571734689,4.261677829593865,-1.9399999999999995,200886.25395157438,18.399398935918146,8.24504799757473,5.305983453561546,141.1443004716098,15.733606474755366,0.0,0.0,7.368827530443599,0.0,5.969305287951849,9.35958546900315,0.0,0.0,0.0,60.6636706846161,23.96854622924601,6.161910027467921,11.700835279851265,19.359524466596334,13.338132818395447,0.0,0.0,11.651573523323577,18.62457247954189,6.161910027467921,71.7905736680101,0.0,0.0,5.733667477162185,0.0,0.0,7.368827530443599,27.91408354670282,22.20122871485517,5.917906046161393,11.126902983393991,60.6636706846161,0.0,0.0,0.0,100.62000000000002,25.038968098246713,19.359524466596334,0.0,19.00355327331994,0.0,11.126902983393991,0.0,0.0,60.6636706846161,0.0,5.733667477162185,12.59051666036785,0.0,21.798266601023634,9.396375909944632,7.59589163468673,-2.9975747984378938,18.266483561890986,0.12133133345930958,0.0,-3.7990686807130256,0.2777777777777778,24,4,5,0,0,0,2,0,2,3,3,6,8,0,0,0,2,2.7278000000000002,94.08550000000005,1,0,0,0,0,0,0,0,1,1,1,0,0,0,0,0,0,1,0,0,0,0,0,0,0,0,0,0,0,0,0,0,0,0,2,0,0,0,0,0,0,0,0,0,0,0,0,0,0,0,0,0,0,0,0,0,0,0,0,0,0,0,0,0,0,0,0,0,0,0,0,0,0,0,0,0,0,0,0,0,0,0,0,0,0
CHEMBL409713,C[C@H](CP(=O)(O)[C@H]1CCCN1C(=O)OCc1ccccc1)C(=O)O,12.562903631761856,-3.8115761824277037,12.562903631761856,0.0874525751658688,0.7605487462245883,355.327,333.15100000000007,355.11847405399993,132,0,0.4103115158661412,-0.4810222582742431,0.4810222582742431,0.4103115158661412,1.375,2.0416666666666665,2.6666666666666665,31.177676440080464,10.222927717590142,2.4305280103109546,-2.2823305971665717,2.5270911779911955,-2.366474621168618,7.583305424342475,-0.13993865334534408,1.9935622422849737,634.7146232058377,17.742276208189782,13.498833334115407,14.393260525115323,11.309367635193633,7.826447640982017,9.740449324180126,6.033905853909965,8.506390613357217,4.083496467774129,6.622805491088658,2.775930669846281,5.191626489695404,-1.8499999999999996,231154.40057454305,18.488108588461948,7.8143598615916945,4.583967267826596,140.23615387234426,14.73680195139323,12.389811198202791,0.0,7.368827530443599,0.0,12.062545358890265,14.259495199853628,4.794537184071822,0.0,0.0,37.255572541998674,18.405094737549014,12.706666433380496,5.917906046161393,28.890924604468204,19.431372889333865,0.0,4.899909730850478,5.917906046161393,32.15519164374543,12.706666433380496,35.89528683400505,0.0,0.0,0.0,4.794537184071822,0.0,7.368827530443599,45.45198975440429,20.703330387316118,5.917906046161393,25.328831937239638,30.33183534230805,0.0,0.0,0.0,104.14,31.132208169185127,19.047534255827447,0.0,12.768791991980839,19.386399651764595,5.563451491696996,11.823646930541102,0.0,30.33183534230805,0.0,9.843390348640755,17.79119539291076,0.0,34.72278995498526,8.936055279081003,0.827108780852919,-2.938266733808346,9.154749518890597,-0.021999846043406324,1.8121660577811374,-3.8115761824277037,0.5,24,2,7,0,1,1,1,0,1,4,2,8,6,0,1,1,2,2.736200000000001,87.84710000000004,1,0,0,0,0,0,0,0,1,1,2,1,0,0,0,1,0,0,0,0,1,0,0,0,0,0,0,1,0,0,0,0,0,0,1,0,0,0,0,0,0,1,0,0,0,0,0,0,0,0,0,0,0,0,0,0,0,0,0,0,0,0,0,0,0,0,0,0,0,0,0,0,0,0,0,0,0,0,0,0,0,0,0,0,0
CHEMBL269997,CC(C)[C@H](S)C(=O)N[C@@H](Cc1ccc(-c2ccccc2)cc1)C(=O)O,12.077850125412423,-1.05113392566495,12.077850125412423,0.030494563593270296,0.6653490097901064,357.4750000000001,334.29100000000005,357.139864596,132,0,0.32604652196544226,-0.4797086330918155,0.4797086330918155,0.32604652196544226,1.0,1.56,2.08,32.11699735152746,10.000961716187906,2.247546303338892,-2.1920889500746448,2.195759892616203,-2.4603853687717465,7.814011747438792,-0.14133959852330405,2.069109007327638,713.4809417658444,18.396976746569035,14.346233783389703,15.24066097438962,11.87991785310972,8.237965742084041,8.754363521578364,6.355339083130246,6.91168036987738,4.015574844498311,4.846368338710784,2.45951404666296,2.5340496459129533,-2.27,339061.8145867658,19.06002262956505,8.71698542613047,5.358913743150105,153.23024104002718,10.423315998847038,6.041840829147961,0.0,5.907179729351506,0.0,5.969305287951849,4.794537184071822,4.794537184071822,12.628789148012991,0.0,68.44477801553573,22.60826052125238,6.4208216229260096,5.249938029982174,14.69560176298435,24.505274165316344,0.0,5.316788604006331,5.917906046161393,31.560074881437394,0.0,60.160755107851486,0.0,11.126902983393991,5.316788604006331,0.0,0.0,12.628789148012991,28.274791271274196,16.00989599106965,5.917906046161393,19.410925891078243,54.59730361615449,0.0,11.126902983393991,0.0,66.4,17.261084147081984,14.69560176298435,0.0,18.24590739843891,0.0,16.690354475090988,0.0,0.0,68.44477801553573,17.94557775201932,0.0,0.0,4.23798963345676,23.558395253217654,11.448609730451743,3.023258684340485,-1.3756032115539272,16.69128959424072,0.23088892038296804,3.740726951019159,0.0,0.3,25,2,4,0,0,0,2,0,2,3,3,5,7,0,0,0,2,3.419900000000002,102.76050000000005,1,0,0,0,0,0,0,0,1,1,2,1,0,0,0,0,1,0,0,0,0,0,1,0,0,0,0,1,0,0,0,0,0,0,2,0,0,0,0,0,0,0,0,0,0,0,0,0,0,0,0,0,0,0,0,0,0,0,0,0,0,0,0,0,0,0,0,0,0,0,0,0,0,0,0,0,0,0,0,0,0,0,0,0,0
CHEMBL257229,O=C(O)[C@H](Cc1ccc(-c2ccccc2)cc1)NC(=O)[C@@H](S)C1CCC1,12.270627903190203,-1.0281215957329766,12.270627903190203,0.2512970836482735,0.6539067363020904,369.48600000000016,346.3020000000001,369.139864596,136,0,0.32604652197479106,-0.47970863309180356,0.47970863309180356,0.32604652197479106,1.0384615384615385,1.6538461538461537,2.1923076923076925,32.11699745141775,9.820337903267296,2.316237436304747,-2.301341585732264,2.319735328324373,-2.473976880606013,7.814079722808457,-0.14144657609499658,1.6391131057798158,756.585474414131,18.518297090128673,14.467554126949347,15.361981317949262,12.541713895658194,8.899761784632517,9.416159564126838,6.802305462442698,7.358646749189831,4.980449799499474,5.636595521067784,3.1264050623651345,3.4990830586150996,-2.2699999999999996,619281.761908085,18.518978916304615,8.407228590928527,4.465354345276415,158.5893520008946,10.423315998847038,6.041840829147961,0.0,5.907179729351506,0.0,5.969305287951849,4.794537184071822,4.794537184071822,12.628789148012991,0.0,61.018125239080504,35.4499037671044,6.4208216229260096,5.249938029982174,14.69560176298435,24.505274165316347,0.0,5.316788604006331,5.917906046161393,36.97506535083417,0.0,60.160755107851486,0.0,11.126902983393991,5.316788604006331,0.0,0.0,12.628789148012991,28.274791271274196,16.00989599106965,5.917906046161393,24.825916360475023,54.59730361615449,0.0,11.126902983393991,0.0,66.4,17.261084147081984,14.69560176298435,0.0,18.24590739843891,0.0,35.95281934386902,0.0,0.0,54.59730361615449,17.94557775201932,0.0,0.0,4.369378522345648,23.834699265563334,11.688262508229519,3.0582938054648645,-1.0519427334738058,16.81660428817338,3.340259899252616,0.0,0.0,0.3333333333333333,26,2,4,1,0,1,2,0,2,3,3,5,7,1,0,1,3,3.564000000000002,105.26350000000006,1,0,0,0,0,0,0,0,1,1,2,1,0,0,0,0,1,0,0,0,0,0,1,0,0,0,0,1,0,0,0,0,0,0,2,0,0,0,0,0,0,0,0,0,0,0,0,0,0,0,0,0,0,0,0,0,0,0,0,0,0,0,0,0,0,0,0,0,0,0,0,0,0,0,0,0,0,0,0,0,0,0,0,0,0
CHEMBL269996,CC[C@H](C)[C@H](S)C(=O)N[C@@H](Cc1ccc(-c2ccccc2)cc1)C(=O)O,12.236739014301312,-1.04613817736563,12.236739014301312,0.08142048951919634,0.618327950507311,371.50200000000007,346.3020000000001,371.15551466,138,0,0.3260465219701057,-0.4797086330918095,0.4797086330918095,0.3260465219701057,1.0384615384615385,1.6153846153846154,2.1538461538461537,32.116997427525085,9.996256028870016,2.257128409062254,-2.205109338185911,2.1982188588335556,-2.462640922448433,7.814030584946058,-0.14135593945795552,2.05526947909386,730.6812264420726,19.10408352775558,15.053340564576251,15.947767755576166,12.417922655570505,8.775970544544826,9.292368324039147,6.496854321930529,7.053195608677663,4.567047915727743,5.310517523618133,2.6384378046537016,2.9237919145815883,-2.27,591634.1768207838,20.046953220131243,9.433790033496152,5.36242907444954,159.59518315442378,10.423315998847038,6.041840829147961,0.0,5.907179729351506,0.0,5.969305287951849,4.794537184071822,4.794537184071822,12.628789148012991,0.0,74.86559963846176,22.60826052125238,6.4208216229260096,5.249938029982174,14.69560176298435,24.505274165316344,0.0,5.316788604006331,5.917906046161393,37.9808965043634,0.0,60.160755107851486,0.0,11.126902983393991,5.316788604006331,0.0,0.0,12.628789148012991,28.274791271274196,16.00989599106965,5.917906046161393,25.831747514004253,54.59730361615449,0.0,11.126902983393991,0.0,66.4,17.261084147081984,14.69560176298435,0.0,18.24590739843891,0.0,23.111176098016994,0.0,0.0,68.44477801553573,17.94557775201932,0.0,0.0,4.318128522345648,23.78682503716827,11.553582724278904,3.0302732102276315,-1.3017648706620144,16.727160142766945,1.0391067588185057,3.9022440306116697,0.0,0.3333333333333333,26,2,4,0,0,0,2,0,2,3,3,5,8,0,0,0,2,3.8100000000000023,107.37750000000005,1,0,0,0,0,0,0,0,1,1,2,1,0,0,0,0,1,0,0,0,0,0,1,0,0,0,0,1,0,0,0,0,0,0,2,0,0,0,0,0,0,0,0,0,0,0,0,0,0,0,0,0,0,0,0,0,0,0,0,0,0,0,0,0,0,0,0,0,0,0,0,0,0,0,0,0,0,0,0,0,0,0,0,0,0
CHEMBL271225,CC(C)C[C@H](S)C(=O)N[C@@H](Cc1ccc(-c2ccccc2)cc1)C(=O)O,12.1718779031902,-1.0457720586959403,12.1718779031902,0.23444381456286223,0.618327950507311,371.50200000000007,346.3020000000001,371.15551466,138,0,0.32604652075343,-0.47970863309505546,0.47970863309505546,0.32604652075343,1.0,1.5769230769230769,2.1153846153846154,32.116996859434906,10.001075877589779,2.2375151907911777,-2.184334201994214,2.1961718952694693,-2.452300670942628,7.813802986302945,-0.14126568850066185,2.0317175638763483,728.6812264420727,19.10408352775558,15.053340564576251,15.947767755576166,12.363081100704113,8.721128989678434,9.237526769172755,6.811831723687156,7.435178985104428,4.11278471136473,4.55811192225515,2.7211365177795055,3.2173091383852848,-2.27,522160.41685556615,20.046953220131243,9.433790033496152,5.915905123870041,159.59518315442378,10.423315998847038,6.041840829147961,0.0,5.907179729351506,0.0,5.969305287951849,4.794537184071822,4.794537184071822,12.628789148012991,0.0,68.44477801553573,29.02908214417839,6.4208216229260096,5.249938029982174,14.69560176298435,24.505274165316344,0.0,5.316788604006331,5.917906046161393,37.9808965043634,0.0,60.160755107851486,0.0,11.126902983393991,5.316788604006331,0.0,0.0,12.628789148012991,28.274791271274196,16.00989599106965,5.917906046161393,25.831747514004253,54.59730361615449,0.0,11.126902983393991,0.0,66.4,17.261084147081984,14.69560176298435,0.0,12.328001352277514,12.338727669087403,16.690354475090988,0.0,0.0,68.44477801553573,17.94557775201932,0.0,0.0,4.282526670493796,23.704770127241336,11.539066394598883,3.030842298435574,-1.0666998353886463,16.727437448133536,0.8386661566517128,3.998946295389366,0.0,0.3333333333333333,26,2,4,0,0,0,2,0,2,3,3,5,8,0,0,0,2,3.8100000000000023,107.37750000000005,1,0,0,0,0,0,0,0,1,1,2,1,0,0,0,0,1,0,0,0,0,0,1,0,0,0,0,1,0,0,0,0,0,0,2,0,0,0,0,0,0,0,0,0,0,0,0,0,0,0,0,0,0,0,0,0,0,0,0,0,0,0,0,0,0,0,0,0,0,0,0,0,0,0,0,0,0,0,0,0,0,0,0,0,0
CHEMBL401397,CC[C@@H](C)[C@H](S)C(=O)N[C@@H](Cc1cccc(-c2ccccc2)c1)C(=O)O,12.28603438832425,-1.0480101515915001,12.28603438832425,0.07795072009982085,0.618327950507311,371.50200000000007,346.3020000000001,371.15551466,138,0,0.3260465250809205,-0.4797086330835615,0.4797086330835615,0.3260465250809205,1.0769230769230769,1.7307692307692308,2.3461538461538463,32.11699742752563,9.986024434322365,2.258068421773532,-2.206184935966927,2.207362382828736,-2.4627082904236244,7.814030602831595,-0.14135609305832064,2.129265992353683,747.9312264420726,19.10408352775558,15.053340564576251,15.947767755576166,12.417922655570505,8.775970544544826,9.292368324039147,6.500308645624477,7.05664993237161,4.54009430846132,5.283563916351711,2.683022985195883,2.9683770951237696,-2.27,585612.7992796632,20.046953220131243,9.433790033496152,5.36242907444954,159.59518315442378,10.423315998847038,6.041840829147961,0.0,5.907179729351506,0.0,5.969305287951849,4.794537184071822,4.794537184071822,12.628789148012991,0.0,74.86559963846176,22.60826052125238,6.4208216229260096,5.249938029982174,14.69560176298435,24.505274165316344,0.0,5.316788604006331,5.917906046161393,37.9808965043634,0.0,60.160755107851486,0.0,11.126902983393991,5.316788604006331,0.0,0.0,12.628789148012991,28.274791271274196,16.00989599106965,5.917906046161393,25.831747514004253,54.59730361615449,0.0,11.126902983393991,0.0,66.4,17.261084147081984,14.69560176298435,0.0,18.24590739843891,0.0,23.111176098016994,0.0,0.0,68.44477801553573,17.94557775201932,0.0,0.0,4.32834424825013,23.902616764732112,11.615804865679054,2.945373145334215,-1.3086730434756013,16.639080000525002,1.0289645910315866,3.9040449834790563,0.0,0.3333333333333333,26,2,4,0,0,0,2,0,2,3,3,5,8,0,0,0,2,3.8100000000000023,107.37750000000004,1,0,0,0,0,0,0,0,1,1,2,1,0,0,0,0,1,0,0,0,0,0,1,0,0,0,0,1,0,0,0,0,0,0,2,0,0,0,0,0,0,0,0,0,0,0,0,0,0,0,0,0,0,0,0,0,0,0,0,0,0,0,0,0,0,0,0,0,0,0,0,0,0,0,0,0,0,0,0,0,0,0,0,0,0
CHEMBL257270,CCCC[C@H](S)C(=O)N[C@@H](Cc1ccc(-c2ccccc2)cc1)C(=O)O,12.142252052850065,-1.040267812244273,12.142252052850065,0.24049461451247156,0.5847713944988593,371.50200000000007,346.3020000000001,371.15551466,138,0,0.32604652074876017,-0.47970863309506145,0.47970863309506145,0.32604652074876017,1.0384615384615385,1.6538461538461537,2.230769230769231,32.11699684532621,10.002759646854924,2.23062418781888,-2.174407242057672,2.19530914306923,-2.4499567864009,7.813791180387262,-0.14125210983890665,2.008853857344119,715.795865712538,18.94094682093905,14.89020385775972,15.784631048759636,12.507239053047547,8.865286942021866,9.381684721516189,6.324511138362373,6.947858399779647,4.249234353033187,4.741941942992876,2.696145318687757,2.9532551037728068,-2.27,632778.0310619067,20.046953220131243,10.019057700567256,5.915905123870041,159.59518315442378,10.423315998847038,6.041840829147961,0.0,5.907179729351506,0.0,5.969305287951849,4.794537184071822,4.794537184071822,12.628789148012991,0.0,74.36268406169714,23.111176098016994,6.4208216229260096,5.249938029982174,14.69560176298435,24.505274165316344,0.0,5.316788604006331,0.0,43.89880255052479,0.0,60.160755107851486,0.0,11.126902983393991,5.316788604006331,0.0,0.0,12.628789148012991,28.274791271274196,16.00989599106965,0.0,31.749653560165648,54.59730361615449,0.0,11.126902983393991,0.0,66.4,17.261084147081984,14.69560176298435,0.0,12.328001352277514,6.4208216229260096,29.531997720943004,0.0,0.0,61.52104081584511,17.94557775201932,0.0,0.0,4.277171732222191,23.666984554678976,11.564521247836474,3.039702983050053,-1.3642594395042984,16.754102381446046,2.7447516635509284,2.0392470989418485,0.0,0.3333333333333333,26,2,4,0,0,0,2,0,2,3,3,5,9,0,0,0,2,3.954100000000002,107.44750000000005,1,0,0,0,0,0,0,0,1,1,2,1,0,0,0,0,1,0,0,0,0,0,1,0,0,0,0,1,0,0,0,0,0,0,2,0,0,0,0,0,0,0,0,0,0,0,0,0,0,0,0,0,0,0,0,0,0,0,0,0,0,0,0,0,0,0,0,0,0,0,0,0,0,0,0,0,0,0,0,0,0,0,0,0,0
CHEMBL398545,CC[C@@H](C)[C@H](S)C(=O)N[C@@H](Cc1ccccc1-c1ccccc1)C(=O)O,12.352530741865156,-1.0500929600235154,12.352530741865156,0.0735030035634292,0.618327950507311,371.5020000000001,346.3020000000001,371.15551466,138,0,0.3260469243617267,-0.4797086308764574,0.4797086308764574,0.3260469243617267,1.0769230769230769,1.6923076923076923,2.3076923076923075,32.11699742753939,9.945933574441232,2.2639029454893373,-2.212967282213614,2.243875000533452,-2.463355053249575,7.814030722363959,-0.14135228999933985,2.213001024356609,747.9312264420727,19.10408352775558,15.053340564576251,15.947767755576166,12.434759407976113,8.781953608688532,9.298351388182855,6.457077952085724,7.0134192388328565,4.592358853873157,5.335828461763547,2.7564042886984526,3.041758398626338,-2.27,596562.7761721677,20.046953220131243,9.433790033496152,5.11437472153425,159.59518315442378,10.423315998847038,6.041840829147961,0.0,5.907179729351506,0.0,5.969305287951849,4.794537184071822,4.794537184071822,12.628789148012991,0.0,74.86559963846176,22.60826052125238,6.4208216229260096,5.249938029982174,14.69560176298435,24.505274165316344,0.0,5.316788604006331,5.917906046161393,37.9808965043634,0.0,60.160755107851486,0.0,11.126902983393991,5.316788604006331,0.0,0.0,12.628789148012991,28.274791271274196,16.00989599106965,5.917906046161393,25.831747514004253,54.59730361615449,0.0,11.126902983393991,0.0,66.4,17.261084147081984,14.69560176298435,0.0,18.24590739843891,0.0,23.111176098016994,0.0,0.0,68.44477801553573,17.94557775201932,0.0,0.0,4.341810895233515,24.06200754647589,11.704560983599134,2.869301156289643,-1.3170755426698784,16.471353958575254,1.0171726506536145,3.906423907398384,0.0,0.3333333333333333,26,2,4,0,0,0,2,0,2,3,3,5,8,0,0,0,2,3.8100000000000023,107.37750000000005,1,0,0,0,0,0,0,0,1,1,2,1,0,0,0,0,1,0,0,0,0,0,1,0,0,0,0,1,0,0,0,0,0,0,2,0,0,0,0,0,0,0,0,0,0,0,0,0,0,0,0,0,0,0,0,0,0,0,0,0,0,0,0,0,0,0,0,0,0,0,0,0,0,0,0,0,0,0,0,0,0,0,0,0,0
CHEMBL252391,CC[C@@H](C)[C@H](S)C(=O)N[C@@H](Cc1ccc(-c2ccccc2)cc1)C(=O)O,12.236739014301312,-1.04613817736563,12.236739014301312,0.08142048951919634,0.618327950507311,371.50200000000007,346.3020000000001,371.15551466,138,0,0.3260465219701057,-0.4797086330918095,0.4797086330918095,0.3260465219701057,1.0384615384615385,1.6153846153846154,2.1538461538461537,32.116997427525085,9.996256028870016,2.257128409062254,-2.205109338185911,2.1982188588335556,-2.462640922448433,7.814030584946058,-0.14135593945795552,2.05526947909386,730.6812264420726,19.10408352775558,15.053340564576251,15.947767755576166,12.417922655570505,8.775970544544826,9.292368324039147,6.496854321930529,7.053195608677663,4.567047915727743,5.310517523618133,2.6384378046537016,2.9237919145815883,-2.27,591634.1768207838,20.046953220131243,9.433790033496152,5.36242907444954,159.59518315442378,10.423315998847038,6.041840829147961,0.0,5.907179729351506,0.0,5.969305287951849,4.794537184071822,4.794537184071822,12.628789148012991,0.0,74.86559963846176,22.60826052125238,6.4208216229260096,5.249938029982174,14.69560176298435,24.505274165316344,0.0,5.316788604006331,5.917906046161393,37.9808965043634,0.0,60.160755107851486,0.0,11.126902983393991,5.316788604006331,0.0,0.0,12.628789148012991,28.274791271274196,16.00989599106965,5.917906046161393,25.831747514004253,54.59730361615449,0.0,11.126902983393991,0.0,66.4,17.261084147081984,14.69560176298435,0.0,18.24590739843891,0.0,23.111176098016994,0.0,0.0,68.44477801553573,17.94557775201932,0.0,0.0,4.318128522345648,23.78682503716827,11.553582724278904,3.0302732102276315,-1.3017648706620144,16.727160142766945,1.0391067588185057,3.9022440306116697,0.0,0.3333333333333333,26,2,4,0,0,0,2,0,2,3,3,5,8,0,0,0,2,3.8100000000000023,107.37750000000005,1,0,0,0,0,0,0,0,1,1,2,1,0,0,0,0,1,0,0,0,0,0,1,0,0,0,0,1,0,0,0,0,0,0,2,0,0,0,0,0,0,0,0,0,0,0,0,0,0,0,0,0,0,0,0,0,0,0,0,0,0,0,0,0,0,0,0,0,0,0,0,0,0,0,0,0,0,0,0,0,0,0,0,0,0
CHEMBL252417,Cc1nnc(S/C(=C/c2ccc(-c3cc(Cl)ccc3C)o2)C(=O)O)[nH]1,11.480264248771643,-1.0732044700596284,11.480264248771643,0.06932039276616031,0.5015986216483823,375.8370000000001,361.72500000000014,375.04443998799997,128,0,0.3422780156741049,-0.4772498366206741,0.4772498366206741,0.3422780156741049,1.28,2.08,2.76,35.495691957667404,10.074710060933876,2.1436899025345153,-2.0262554558189256,2.306134235198648,-1.9655460248388144,8.035221156486097,-0.13124492208696206,1.8991065653242665,961.7112200099018,17.97432701575866,13.408451746038448,14.980877272984628,11.918723993369941,7.30649109933938,8.500952153276334,5.292624132609481,6.759708795007832,3.361287635759262,4.485830394051576,2.1741541203196353,3.0973379156838416,-2.5100000000000002,549642.4934705747,17.317480854428293,7.163220725564829,4.1241578775888215,152.47407039129936,14.507656852841261,22.25003584963886,5.156436481820707,0.0,0.0,5.969305287951849,0.0,4.794537184071822,0.0,10.197363616602075,17.667306958694127,55.43827911431579,16.662104912272202,0.0,14.318215515965875,35.40815023440936,0.0,15.181342137549283,0.0,19.003910881201953,0.0,57.407708578510785,0.0,11.323698910571437,0.0,0.0,0.0,23.36282483962363,26.257174820341834,4.794537184071822,13.847474399381248,17.148103408571366,44.81055927507215,5.022633313741326,17.399719017405317,0.0,92.00999999999999,5.969305287951849,9.901064578912528,0.0,4.905136513890047,27.523969131310846,22.888787932785107,6.076020106833881,19.056471336613843,25.122838405075456,15.181342137549283,16.018090827285864,5.771160084404132,7.0151281820630755,14.432798535962014,18.087722427457383,1.8766529812746446,0.5897273799391831,9.02240160130936,1.4526129062736204,3.6962403457610336,0.0,0.11764705882352941,25,2,6,0,0,0,1,2,3,5,2,8,5,0,0,0,3,4.552740000000003,96.48050000000003,1,0,0,0,0,3,1,0,1,1,1,0,0,0,0,2,1,0,0,0,0,1,0,0,0,0,0,0,0,0,2,0,0,0,1,0,0,0,0,0,0,0,1,0,1,0,0,0,0,0,0,0,0,0,0,0,0,0,0,0,0,0,0,0,0,0,0,0,0,0,0,0,0,0,0,1,0,0,0,0,0,0,0,0,0
CHEMBL404117,O=C(O)[C@H](Cc1ccc(-c2ccccc2)cc1)NC(=O)[C@@H](S)C1CCCC1,12.42340568096798,-1.02551742906631,12.42340568096798,0.24345752655623287,0.6343300296928236,383.5130000000002,358.3130000000001,383.15551466,142,0,0.32604652197479106,-0.47970863309180356,0.47970863309180356,0.32604652197479106,1.0,1.5925925925925926,2.185185185185185,32.116997511500834,9.993829025630255,2.300999036496411,-2.2081509055962747,2.3009943459763647,-2.4635637216062083,7.814058666357173,-0.14136273543699357,1.635221798434119,769.9047162494139,19.22540387131522,15.174660908135895,16.069088099135808,13.041713895658194,9.399761784632517,9.916159564126838,7.155858853035972,7.712200139783105,5.230449799499474,5.886595521067784,3.6439687536202356,4.0166467498702,-2.2699999999999996,1848536.95981918,19.49044142635987,9.08771613652403,5.131278998525845,164.9542941152912,10.423315998847038,6.041840829147961,0.0,5.907179729351506,0.0,5.969305287951849,4.794537184071822,4.794537184071822,12.628789148012991,0.0,67.43894686200652,35.4499037671044,6.4208216229260096,5.249938029982174,14.69560176298435,24.505274165316347,0.0,5.316788604006331,5.917906046161393,43.395886973760184,0.0,60.160755107851486,0.0,11.126902983393991,5.316788604006331,0.0,0.0,12.628789148012991,28.274791271274196,16.00989599106965,5.917906046161393,31.246737983401033,54.59730361615449,0.0,11.126902983393991,0.0,66.4,17.261084147081984,14.69560176298435,0.0,18.24590739843891,0.0,42.37364096679502,0.0,0.0,54.59730361615449,17.94557775201932,0.0,0.0,4.438267411234537,24.05537827790901,11.761179174896187,3.0624950193348814,-1.0611904186589913,16.84296700069985,4.456459090140079,0.0,0.0,0.36363636363636365,27,2,4,1,0,1,2,0,2,3,3,5,7,1,0,1,3,3.954100000000003,109.88050000000007,1,0,0,0,0,0,0,0,1,1,2,1,0,0,0,0,1,0,0,0,0,0,1,0,0,0,0,1,0,0,0,0,0,0,2,0,0,0,0,0,0,0,0,0,0,0,0,0,0,0,0,0,0,0,0,0,0,0,0,0,0,0,0,0,0,0,0,0,0,0,0,0,0,0,0,0,0,0,0,0,0,0,0,0,0
CHEMBL271223,CC(C)(C)C[C@H](S)C(=O)N[C@@H](Cc1ccc(-c2ccccc2)cc1)C(=O)O,12.314100125412423,-1.0492797117571648,12.314100125412423,0.059775685883797,0.6259419287542737,385.52900000000005,358.3130000000001,385.171164724,144,0,0.3260465207581512,-0.4797086330950494,0.4797086330950494,0.3260465207581512,1.0,1.5555555555555556,2.074074074074074,32.11699693612842,9.897847157026682,2.2620037438936427,-2.2334201235360998,2.2362453460312177,-2.4562180613402864,7.813823519300685,-0.14129083290989056,2.0334482815043953,766.3949412450868,20.026733258565955,15.975990295386627,16.87041748638654,12.653685662454272,9.011733551428591,9.528131330922914,7.947066930186042,8.570414191603316,4.223841406266283,4.640924292313866,2.8403228587498806,3.462581015505041,-2.27,661057.147130161,21.034879107971822,9.087716136524033,6.754424797410433,165.96012526882035,10.423315998847038,6.041840829147961,0.0,5.907179729351506,0.0,5.969305287951849,4.794537184071822,4.794537184071822,12.628789148012991,0.0,75.36851521522637,28.526166567413775,6.4208216229260096,5.249938029982174,14.69560176298435,24.505274165316344,0.0,5.316788604006331,5.41499046939678,44.90463370405402,0.0,60.160755107851486,0.0,11.126902983393991,5.316788604006331,0.0,0.0,12.628789148012991,28.274791271274196,16.00989599106965,5.41499046939678,32.75548471369488,54.59730361615449,0.0,11.126902983393991,0.0,66.4,17.261084147081984,14.69560176298435,0.0,17.742991821674295,6.4208216229260096,16.690354475090988,0.0,0.0,75.36851521522637,17.94557775201932,0.0,0.0,4.336623892716019,23.91002282785862,11.574566008796413,2.9652336770829386,-1.3950537464245976,16.72207800440718,0.7978321147015994,6.060919443084049,0.0,0.36363636363636365,27,2,4,0,0,0,2,0,2,3,3,5,7,0,0,0,2,4.200100000000003,111.99450000000006,1,0,0,0,0,0,0,0,1,1,2,1,0,0,0,0,1,0,0,0,0,0,1,0,0,0,0,1,0,0,0,0,0,0,2,0,0,0,0,0,0,0,0,0,0,0,0,0,0,0,0,0,0,0,0,0,0,0,0,0,0,0,0,0,0,0,0,0,0,0,0,0,0,0,0,0,0,0,0,0,0,0,0,0,0
CHEMBL252003,CC[C@@H](C)[C@H](S)C(=O)N[C@@H](Cc1cccc(Oc2ccccc2)c1)C(=O)O,12.281041997840408,-1.081096605181201,12.281041997840408,0.06053571585664508,0.5699328835119676,387.5010000000001,362.30100000000016,387.15042927999997,144,0,0.32604654203157674,-0.47970863303857914,0.47970863303857914,0.32604654203157674,1.1111111111111112,1.7777777777777777,2.4074074074074074,32.11699750608365,10.019699240774209,2.2585534239146488,-2.205904863591357,2.2228429794213747,-2.462662085083478,7.8140307028936755,-0.14135760627148009,2.064819301301961,765.7867410827878,19.811190308942127,15.461588855040114,16.35601604604003,12.901085903164898,8.934218835008688,9.45061661450301,6.49642496984185,7.052766256588983,4.383344162205611,5.126813770096002,2.5351253533854523,2.8204794633133368,-2.4699999999999998,908479.3040515208,20.83721980346463,10.017310924433177,6.323916465945697,164.70872838393063,15.160178952647085,17.54086449571577,0.0,5.907179729351506,0.0,5.969305287951849,4.794537184071822,4.794537184071822,12.628789148012991,0.0,50.60013136461531,35.74682581170483,6.4208216229260096,5.249938029982174,19.432464716784395,24.505274165316344,0.0,5.316788604006331,5.917906046161393,37.9808965043634,0.0,60.160755107851486,0.0,11.49902366656781,10.05365155780638,0.0,11.49902366656781,12.628789148012991,28.274791271274196,16.00989599106965,5.917906046161393,25.831747514004253,54.59730361615449,0.0,0.0,0.0,75.63,17.261084147081984,14.69560176298435,0.0,18.24590739843891,11.49902366656781,11.984273114623004,0.0,18.19910120538483,50.245676810150904,17.94557775201932,4.736862953800049,5.779396640032913,4.316132637571986,23.887409908462466,11.550632122741991,0.7596161134206771,-0.0744293750655205,15.505691974547032,0.9506563455953647,3.8804491882486456,0.0,0.3333333333333333,27,2,5,0,0,0,2,0,2,4,3,6,9,0,0,0,2,3.9353000000000016,108.45750000000005,1,0,0,0,0,0,0,0,1,1,2,1,0,0,0,0,1,0,0,0,0,0,1,0,0,0,0,1,0,0,0,0,0,0,2,0,0,0,0,0,0,1,0,0,0,0,0,0,0,0,0,0,0,0,0,0,0,0,0,0,0,0,0,0,1,0,0,0,0,0,0,0,0,0,0,0,0,0,0,0,0,0,0,0,0
CHEMBL254282,CC[C@@H](C)[C@H](S)C(=O)N[C@@H](Cc1ccc(Oc2ccccc2)cc1)C(=O)O,12.234934190753233,-1.07162319377552,12.234934190753233,0.06684909530494498,0.5699328835119676,387.5010000000001,362.30100000000016,387.15042927999997,144,0,0.32604652209738155,-0.4797086330916468,0.4797086330916468,0.32604652209738155,1.0740740740740742,1.6666666666666667,2.2222222222222223,32.11699750608298,10.020326943971543,2.257368216401191,-2.205001624712259,2.2143083535836245,-2.46262463532877,7.814030691878228,-0.14135598457833212,1.9931654494836977,748.5367410827877,19.811190308942127,15.461588855040114,16.35601604604003,12.9010859031649,8.934218835008688,9.45061661450301,6.492970646147902,7.049311932895035,4.408249036432501,5.151718644322893,2.4927535758474044,2.7781076857752884,-2.4699999999999998,925590.1933978486,20.83721980346463,10.017310924433177,6.323916465945697,164.70872838393063,15.160178952647085,17.54086449571577,0.0,5.907179729351506,0.0,5.969305287951849,4.794537184071822,4.794537184071822,12.628789148012991,0.0,50.60013136461531,35.74682581170483,6.4208216229260096,5.249938029982174,19.432464716784395,24.505274165316344,0.0,5.316788604006331,5.917906046161393,37.9808965043634,0.0,60.160755107851486,0.0,11.49902366656781,10.05365155780638,0.0,11.49902366656781,12.628789148012991,28.274791271274196,16.00989599106965,5.917906046161393,25.831747514004253,54.59730361615449,0.0,0.0,0.0,75.63,17.261084147081984,14.69560176298435,0.0,18.24590739843891,5.749511833283905,17.73378494790691,0.0,24.26546827384644,44.179309741689295,17.94557775201932,4.736862953800049,5.724320395481492,4.308472094117791,23.780027823136347,11.505214732469248,0.7938573685647101,0.025743098449663826,15.55354361970576,0.9820389338732195,3.882337489757327,0.0,0.3333333333333333,27,2,5,0,0,0,2,0,2,4,3,6,9,0,0,0,2,3.9353000000000016,108.45750000000005,1,0,0,0,0,0,0,0,1,1,2,1,0,0,0,0,1,0,0,0,0,0,1,0,0,0,0,1,0,0,0,0,0,0,2,0,0,0,0,0,0,1,0,0,0,0,0,0,0,0,0,0,0,0,0,0,0,0,0,0,0,0,0,0,1,0,0,0,0,0,0,0,0,0,0,0,0,0,0,0,0,0,0,0,0
CHEMBL251804,CC[C@@H](C)[C@H](S)C(=O)N[C@@H](Cc1ccccc1Oc1ccccc1)C(=O)O,12.342316276079352,-1.0948620034433525,12.342316276079352,0.052294855902289994,0.5699328835119675,387.50100000000015,362.30100000000016,387.15042927999997,144,0,0.32604907916482856,-0.4797086188944416,0.4797086188944416,0.32604907916482856,1.1111111111111112,1.7407407407407407,2.3703703703703702,32.116997506100326,10.016255525452445,2.265945532072744,-2.2118734027340965,2.2588479481209083,-2.4630574292510636,7.814030776667195,-0.14135911366932008,2.14547457782567,765.7867410827878,19.811190308942127,15.461588855040114,16.35601604604003,12.917922655570505,8.940201899152395,9.456599678646718,6.456742786018711,7.013084072765843,4.433823714196196,5.177293322086586,2.5463048709829135,2.8316589809107984,-2.4699999999999998,938779.3142447895,20.83721980346463,10.017310924433177,6.030026509274736,164.70872838393063,15.160178952647085,17.54086449571577,0.0,5.907179729351506,0.0,5.969305287951849,4.794537184071822,4.794537184071822,12.628789148012991,0.0,56.66649843307692,29.680458743243218,6.4208216229260096,5.249938029982174,19.432464716784395,24.505274165316344,0.0,5.316788604006331,5.917906046161393,37.9808965043634,0.0,60.160755107851486,0.0,11.49902366656781,10.05365155780638,0.0,11.49902366656781,12.628789148012991,28.274791271274196,16.00989599106965,5.917906046161393,25.831747514004253,54.59730361615449,0.0,0.0,0.0,75.63,17.261084147081984,14.69560176298435,0.0,18.24590739843891,17.062475158264807,6.4208216229260096,0.0,12.13273413692322,56.31204387861251,17.94557775201932,4.736862953800049,5.8774484144914645,4.326007999964808,24.03278376208661,11.613318329397874,0.702136427101705,-0.19243355842027965,15.417335298528975,0.9009501877394056,3.87800869466499,0.0,0.3333333333333333,27,2,5,0,0,0,2,0,2,4,3,6,9,0,0,0,2,3.9353000000000016,108.45750000000005,1,0,0,0,0,0,0,0,1,1,2,1,0,0,0,0,1,0,0,0,0,0,1,0,0,0,0,1,0,0,0,0,0,0,2,0,0,0,0,0,0,1,0,0,0,0,0,0,0,0,0,0,0,0,0,0,0,0,0,0,0,0,0,0,2,0,0,0,0,0,0,0,0,0,0,0,0,0,0,0,0,0,0,0,0
CHEMBL437595,O=C(O)[C@H](Cc1ccc(-c2ccccc2)cc1)NC(=O)[C@@H](S)c1ccccc1,12.4368353861834,-1.0749250779283235,12.4368353861834,0.19983182161753565,0.5305553893345087,391.4920000000001,370.3240000000001,391.124214532,142,0,0.3260466867181388,-0.4797086321867683,0.4797086321867683,0.3260466867181388,0.8214285714285714,1.3571428571428572,1.9285714285714286,32.116997243776424,10.002062001150176,2.2414450468119074,-2.1778618200577524,2.212865339922486,-2.4319887124203237,7.8095399991191865,-0.1412572179814099,1.6759234392128004,927.0808521562992,19.932510652501765,15.155634860148208,16.05006205114812,13.541713895658194,8.94929060748923,9.465688386983553,6.479704896801247,6.99610267629557,4.479129104413781,5.01178020162628,2.937023736066019,3.1836919284807874,-3.049999999999999,2430396.456992496,19.704437717066927,9.239362613779733,5.0162658596086525,169.19250890290138,10.423315998847038,11.291778859130135,0.0,5.907179729351506,0.0,5.969305287951849,4.794537184071822,4.794537184071822,12.628789148012991,0.0,84.92913895846256,22.253805966787983,6.4208216229260096,0.0,14.69560176298435,24.505274165316347,0.0,5.316788604006331,0.0,17.712600482056146,0.0,96.05604194185656,0.0,11.126902983393991,5.316788604006331,0.0,0.0,12.628789148012991,23.02485324129202,16.00989599106965,0.0,16.376841013376165,84.92913895846256,0.0,11.126902983393991,0.0,66.4,23.16826387643349,14.69560176298435,0.0,6.4208216229260096,0.0,22.253805966787983,0.0,12.13273413692322,72.79640482153933,17.94557775201932,0.0,0.0,4.332680991481451,24.08403458302365,11.404387634205838,3.7084881553747073,-1.5028518903735337,25.66231759355924,0.19983182161753565,0.0,0.0,0.13043478260869565,28,2,4,0,0,0,3,0,3,3,3,5,7,0,0,0,3,4.136600000000003,113.31750000000002,1,0,0,0,0,0,0,0,1,1,2,1,0,0,0,0,1,0,0,0,0,0,1,0,0,0,0,1,0,0,0,0,0,0,3,0,0,0,0,0,0,0,0,0,0,0,0,0,0,0,0,0,0,0,0,0,0,0,0,0,0,0,0,0,0,0,0,0,0,0,0,0,0,0,0,0,0,0,0,0,0,0,0,0,0
CHEMBL4202767,CCOc1c(Cl)cc(C(=O)Nc2ccc(C(=O)O)c(C)c2)cc1OC(C)C,12.621134337994457,-1.014678433367383,12.621134337994457,0.12055866329016829,0.7086637481902912,391.85100000000017,369.6750000000002,391.11865048399994,144,0,0.3354530214345341,-0.48844952022924826,0.48844952022924826,0.3354530214345341,1.2222222222222223,1.9259259259259258,2.4814814814814814,35.49569202881806,10.080389009465334,2.1759371828142577,-2.1687949588609734,2.371065386642628,-2.140701338700254,6.324566993036158,0.06956804635175806,2.3128702088255375,863.6908425382072,20.137463722575188,15.629379626688943,16.385308572707395,12.722453108210818,8.508004739830286,8.885969212839512,6.173925351957366,6.581125478697971,3.637745832626594,3.918497570977943,2.509842577778566,2.775075911780954,-2.729999999999999,637146.4952670621,20.580316958330048,8.772870249314924,5.137009561803026,162.60553106252092,19.897041906447136,0.0,11.49902366656781,0.0,5.907179729351506,5.969305287951849,4.794537184071822,4.794537184071822,0.0,0.0,11.600939890232516,63.59023563276753,11.250837766380558,23.29693315769954,24.169327670584444,29.16481118221943,0.0,0.0,0.0,33.7989151865108,11.923670568519249,52.04482313114036,0.0,11.49902366656781,14.790514511606428,5.687386274683562,11.49902366656781,11.600939890232516,29.69386076440528,0.0,6.923737199690624,47.0506404423065,30.33183534230805,5.022633313741326,0.0,0.0,84.86,11.876485017303356,9.589074368143644,0.0,16.690051193186626,34.92019488915828,0.0,18.19910120538483,19.056471336613843,20.771211599071872,5.316788604006331,26.18119319267332,11.254986642691193,6.274411448829437,23.718269622938465,12.104395061223233,1.5245268522474775,-0.6220788960266832,7.669721363148191,-0.12055866329016829,7.6407710126833015,0.0,0.3,27,2,6,0,0,0,2,0,2,4,2,7,7,0,0,0,2,4.784820000000003,104.47650000000003,0,0,0,0,1,0,0,0,1,1,2,1,0,0,0,0,1,0,0,0,0,0,0,0,0,0,0,1,0,1,1,0,0,0,2,0,0,0,0,0,0,2,0,0,1,0,0,0,0,0,0,0,0,0,0,0,0,0,0,0,0,0,0,0,0,0,0,0,0,0,0,0,0,0,0,0,0,0,0,0,0,0,0,0,0
CHEMBL411298,CC(C)C[C@H](CP(=O)(O)[C@H]1CCCN1C(=O)OCc1ccccc1)C(=O)O,12.944392671822325,-3.867795318230174,12.944392671822325,0.08702761852879104,0.647437208558721,397.40800000000013,369.18400000000014,397.16542424599993,150,0,0.41031151587147213,-0.4810145518250976,0.4810145518250976,0.41031151587147213,1.2962962962962963,1.962962962962963,2.5555555555555554,31.17767672319412,9.990675499757787,2.43884888648094,-2.291949809097898,2.5333994427655258,-2.369845963304107,7.583337423578727,-0.14107783936049462,2.0260111321005394,692.7001077041007,20.02673325856595,15.78329038449158,16.677717575491492,12.703214485310985,9.220294491099368,11.13429617429748,7.459330819190901,9.93181557863815,4.7136138956476366,7.1459734370392125,3.4436997540837813,5.855228254746323,-1.8499999999999996,868388.8422821406,21.450077871084968,9.377811299359294,6.078594606310977,159.33098021553408,14.73680195139323,12.389811198202791,0.0,7.368827530443599,0.0,12.062545358890265,14.259495199853628,4.794537184071822,0.0,0.0,44.179309741689295,30.743822406636415,12.706666433380496,5.917906046161393,28.890924604468204,19.431372889333865,0.0,4.899909730850478,11.835812092322787,45.499750466362066,12.706666433380496,35.89528683400505,0.0,0.0,0.0,4.794537184071822,0.0,7.368827530443599,45.45198975440429,20.703330387316118,11.835812092322787,38.673390759856275,30.33183534230805,0.0,0.0,0.0,104.14,31.132208169185127,24.154061650668154,0.0,18.686698038142232,25.807221274690605,5.563451491696996,4.899909730850478,0.0,44.179309741689295,0.0,4.736862953800049,18.237245904164645,0.0,35.776645013984165,9.376194167969892,0.8302339721599283,-2.7553675972747893,9.19346717218118,0.33774340210234255,4.177188838498362,-3.867795318230174,0.5789473684210527,27,2,7,0,1,1,1,0,1,4,2,8,8,0,1,1,2,3.762400000000002,101.62810000000007,1,0,0,0,0,0,0,0,1,1,2,1,0,0,0,1,0,0,0,0,1,0,0,0,0,0,0,1,0,0,0,0,0,0,1,0,0,0,0,0,0,1,0,0,0,0,0,0,0,0,0,0,0,0,0,0,0,0,0,0,0,0,0,0,0,0,0,0,0,0,0,0,0,0,0,0,0,0,0,0,0,0,0,0,0
CHEMBL257026,O=C(O)[C@H](Cc1ccc(-c2ccccc2)cc1)NC(=O)[C@@H](S)C1CCCCC1,12.535650578927164,-1.0234598158975856,12.535650578927164,0.23304085988956613,0.6088904764474855,397.54000000000025,370.3240000000001,397.171164724,148,0,0.32604652197479106,-0.47970863309180356,0.47970863309180356,0.32604652197479106,0.9642857142857143,1.5714285714285714,2.1785714285714284,32.11699757297261,9.860342605120842,2.2929725880659486,-2.2689113898789355,2.28892548277022,-2.468083899356897,7.814055023474955,-0.14139845337134024,1.6233049093336442,785.2545518930524,19.932510652501765,15.881767689322443,16.776194880322354,13.541713895658194,9.899761784632517,10.416159564126838,7.509412243629246,8.065753530376378,5.480449799499474,6.136595521067784,3.8207454489168726,4.193423445166838,-2.2699999999999996,2430396.456992496,20.463894104567395,9.782412734363433,5.381628826142442,171.31923622968782,10.423315998847038,6.041840829147961,0.0,5.907179729351506,0.0,5.969305287951849,4.794537184071822,4.794537184071822,12.628789148012991,0.0,73.85976848493253,35.4499037671044,6.4208216229260096,5.249938029982174,14.69560176298435,24.505274165316347,0.0,5.316788604006331,5.917906046161393,49.8167085966862,0.0,60.160755107851486,0.0,11.126902983393991,5.316788604006331,0.0,0.0,12.628789148012991,28.274791271274196,16.00989599106965,5.917906046161393,37.667559606327046,54.59730361615449,0.0,11.126902983393991,0.0,66.4,17.261084147081984,14.69560176298435,0.0,18.24590739843891,0.0,42.37364096679502,6.4208216229260096,0.0,54.59730361615449,17.94557775201932,0.0,0.0,4.486106917407376,24.222623175868193,11.819920671494824,3.065998219431488,-1.064919842527304,16.86565253953822,5.660173874342754,0.0,0.0,0.391304347826087,28,2,4,1,0,1,2,0,2,3,3,5,7,1,0,1,3,4.344200000000003,114.49750000000007,1,0,0,0,0,0,0,0,1,1,2,1,0,0,0,0,1,0,0,0,0,0,1,0,0,0,0,1,0,0,0,0,0,0,2,0,0,0,0,0,0,0,0,0,0,0,0,0,0,0,0,0,0,0,0,0,0,0,0,0,0,0,0,0,0,0,0,0,0,0,0,0,0,0,0,0,0,0,0,0,0,0,0,0,0
CHEMBL3235416,CNC(=O)[C@H](Cc1c[nH]cn1)NC(=O)CN(CCCc1ccccc1)CC(=O)O,12.47343580296367,-1.0028841624778668,12.47343580296367,0.1020342813051145,0.40241792666560794,401.46700000000016,374.2510000000002,401.206304344,156,0,0.3172164423381784,-0.4802856732811553,0.4802856732811553,0.3172164423381784,1.206896551724138,1.9655172413793103,2.586206896551724,16.36693730239258,10.104706966959803,2.223983380207323,-2.2188025403804272,2.0422947311312964,-2.50078987604111,5.880956799637875,-0.1387065515227752,1.8996885023598482,779.4339495033549,21.06226716449869,16.42782849852776,16.42782849852776,13.973565548236332,9.442989347327407,9.442989347327407,6.692560722923782,6.692560722923782,4.374922200167978,4.374922200167978,2.99501440060335,2.99501440060335,-3.1999999999999997,3127476.6488700546,22.092938293606593,11.599709340731936,8.138703568091717,169.07002707563126,20.724083123800575,6.041840829147961,0.0,11.814359458703011,0.0,5.969305287951849,19.283521283065944,4.9839785209472085,0.0,0.0,30.33183534230805,24.94985114346159,19.665337177216276,25.110760881438154,19.490138947056174,17.78366474665486,0.0,25.501443980757557,0.0,25.30430569792599,26.681941200414915,54.11337847523112,0.0,0.0,10.633577208012662,0.0,0.0,0.0,70.48184094380333,27.225254798067482,0.0,17.678201109471466,42.85599898868567,0.0,0.0,0.0,127.42,17.918325846451317,14.383611552215466,0.0,25.417514164102666,12.238684400761036,18.405094737549014,13.37499205744173,11.096753302463554,30.33183534230805,20.60153424990708,5.106527394840706,0.0,0.0,44.17853559191862,14.34313083064897,1.8009844393998788,-1.747968415470704,9.086711276710417,4.90176363370558,0.11109859221466367,1.4924107175392347,0.4,29,4,9,0,0,0,1,1,2,5,4,9,12,0,0,0,2,0.20240000000000097,107.12790000000005,1,0,0,0,0,2,1,0,1,1,3,2,0,0,0,2,3,0,0,1,0,1,0,0,0,0,0,2,0,0,1,0,0,0,1,0,0,0,0,0,0,0,0,0,0,0,0,1,0,0,0,0,0,0,0,0,0,0,0,0,0,0,0,0,0,0,0,0,0,0,0,0,0,0,0,0,0,0,0,0,0,0,0,0,0
CHEMBL254493,CC[C@@H](C)[C@H](S)C(=O)N[C@@H](Cc1ccccc1OCc1ccccc1)C(=O)O,12.3620152436202,-1.0871321305024406,12.3620152436202,0.05487985165911424,0.5305368136828417,401.5280000000002,374.3120000000002,401.16607934399997,150,0,0.3260490758201873,-0.4886253519782783,0.4886253519782783,0.3260490758201873,1.1071428571428572,1.75,2.392857142857143,32.11699756759627,10.016245193611152,2.265418369949841,-2.212497088504821,2.2154054373720706,-2.463158786748875,7.814031218562727,-0.1413622128318422,2.080997917928138,781.1160373305726,20.518297090128673,16.168695636226662,17.063122827226575,13.417922655570507,9.378306279108552,9.894704058602874,6.815901878065905,7.372243164813037,4.699973046796544,5.443442654686934,2.7073636826028245,2.99271779253071,-2.4699999999999998,1559226.9981795459,21.82586231774823,10.75848175221916,6.303285469133908,171.07367049832726,15.160178952647085,18.398234626944785,0.0,5.907179729351506,0.0,5.969305287951849,4.794537184071822,4.794537184071822,12.628789148012991,0.0,68.79923257000014,23.111176098016994,6.4208216229260096,5.249938029982174,19.432464716784395,24.505274165316344,0.0,5.316788604006331,5.917906046161393,44.587778468876316,0.0,65.72420659954848,0.0,5.749511833283905,10.05365155780638,0.0,5.749511833283905,12.628789148012991,28.274791271274196,22.61677795558257,5.917906046161393,31.395199005701247,54.59730361615449,0.0,0.0,0.0,75.63,17.261084147081984,14.69560176298435,0.0,18.24590739843891,12.356393797796823,17.54772460632,0.0,6.06636706846161,62.37841094707412,17.94557775201932,4.736862953800049,5.891152118195167,4.333796389286663,24.073518263841656,11.644903271016116,1.7474488381310727,-0.7924651152660289,15.969589751764913,0.9191708679230185,4.268441170662976,0.0,0.36363636363636365,28,2,5,0,0,0,2,0,2,4,3,6,10,0,0,0,2,3.722000000000002,112.71550000000006,1,0,0,0,0,0,0,0,1,1,2,1,0,0,0,0,1,0,0,0,0,0,1,0,0,0,0,1,0,0,0,0,0,0,2,0,0,0,0,0,0,1,0,0,0,0,0,0,0,0,0,0,0,0,0,0,0,0,0,0,0,0,0,0,1,0,0,0,0,0,0,0,0,0,0,0,0,0,0,0,0,0,0,0,0
CHEMBL254495,CC[C@@H](C)[C@H](S)C(=O)N[C@@H](Cc1cccc(OCc2ccccc2)c1)C(=O)O,12.299237174292326,-1.075331621591091,12.299237174292326,0.06249324726222816,0.5305368136828418,401.52800000000013,374.3120000000002,401.16607934399997,150,0,0.326046542019063,-0.48890679642845664,0.48890679642845664,0.326046542019063,1.1071428571428572,1.7857142857142858,2.4285714285714284,32.11699756757955,10.019688893109606,2.2584405720986336,-2.2060846474891336,2.176514850313836,-2.4626778815002925,7.814031148567694,-0.141357755235219,2.003696095539443,781.1160373305726,20.518297090128673,16.168695636226662,17.063122827226575,13.401085903164898,9.372323214964844,9.888720994459167,6.855584061889044,7.411925348636177,4.652763515699694,5.396233123590084,2.677703978718949,2.9630580886468345,-2.4699999999999998,1518910.8531350992,21.82586231774823,10.75848175221916,6.6031862196662985,171.07367049832723,15.160178952647085,18.398234626944785,0.0,5.907179729351506,0.0,5.969305287951849,4.794537184071822,4.794537184071822,12.628789148012991,0.0,62.73286550153853,29.177543166478603,6.4208216229260096,5.249938029982174,19.432464716784395,24.505274165316344,0.0,5.316788604006331,5.917906046161393,44.587778468876316,0.0,65.72420659954848,0.0,5.749511833283905,10.05365155780638,0.0,5.749511833283905,12.628789148012991,28.274791271274196,22.61677795558257,5.917906046161393,31.395199005701247,54.59730361615449,0.0,0.0,0.0,75.63,17.261084147081984,14.69560176298435,0.0,18.24590739843891,12.356393797796823,17.54772460632,0.0,6.06636706846161,62.37841094707412,17.94557775201932,4.736862953800049,5.793100343736617,4.323005134963964,23.925304052455232,11.578205488957028,1.824962766906969,-0.716485726302067,16.04797870167481,0.9630329650945233,4.316451828068475,0.0,0.36363636363636365,28,2,5,0,0,0,2,0,2,4,3,6,10,0,0,0,2,3.722000000000002,112.71550000000006,1,0,0,0,0,0,0,0,1,1,2,1,0,0,0,0,1,0,0,0,0,0,1,0,0,0,0,1,0,0,0,0,0,0,2,0,0,0,0,0,0,1,0,0,0,0,0,0,0,0,0,0,0,0,0,0,0,0,0,0,0,0,0,0,0,0,0,0,0,0,0,0,0,0,0,0,0,0,0,0,0,0,0,0,0
CHEMBL254703,CC[C@@H](C)[C@H](S)C(=O)N[C@@H](Cc1ccc(OCc2ccccc2)cc1)C(=O)O,12.251636620118001,-1.0671861153427156,12.251636620118001,0.06835653284603627,0.5305368136828419,401.5280000000001,374.3120000000002,401.16607934399997,150,0,0.3260465220973364,-0.48891706748143743,0.48891706748143743,0.3260465220973364,1.0714285714285714,1.7142857142857142,2.2857142857142856,32.11699756757892,10.02032550469952,2.2573186717531493,-2.2050998248693716,2.1675157745855818,-2.4626302118443433,7.814031138129052,-0.14135609599424617,1.9347225484777628,763.8660373305726,20.518297090128673,16.168695636226662,17.063122827226575,13.401085903164898,9.372323214964844,9.888720994459167,6.852129738195096,7.408471024942229,4.677668389926584,5.421137997816974,2.6372201486241535,2.922574258552039,-2.4699999999999998,1541206.3822885386,21.82586231774823,10.75848175221916,6.6031862196662985,171.07367049832726,15.160178952647085,18.398234626944785,0.0,5.907179729351506,0.0,5.969305287951849,4.794537184071822,4.794537184071822,12.628789148012991,0.0,62.73286550153853,29.177543166478603,6.4208216229260096,5.249938029982174,19.432464716784395,24.505274165316344,0.0,5.316788604006331,5.917906046161393,44.587778468876316,0.0,65.72420659954848,0.0,5.749511833283905,10.05365155780638,0.0,5.749511833283905,12.628789148012991,28.274791271274196,22.61677795558257,5.917906046161393,31.395199005701247,54.59730361615449,0.0,0.0,0.0,75.63,17.261084147081984,14.69560176298435,0.0,18.24590739843891,12.356393797796823,17.54772460632,0.0,12.13273413692322,56.31204387861251,17.94557775201932,4.736862953800049,5.7380240991851945,4.314576208278796,23.814925428953032,11.529434451162965,1.8767243755841272,-0.6482699844155055,16.08668215287119,0.9908835615137411,4.352575262422013,0.0,0.36363636363636365,28,2,5,0,0,0,2,0,2,4,3,6,10,0,0,0,2,3.722000000000002,112.71550000000006,1,0,0,0,0,0,0,0,1,1,2,1,0,0,0,0,1,0,0,0,0,0,1,0,0,0,0,1,0,0,0,0,0,0,2,0,0,0,0,0,0,1,0,0,0,0,0,0,0,0,0,0,0,0,0,0,0,0,0,0,0,0,0,0,0,0,0,0,0,0,0,0,0,0,0,0,0,0,0,0,0,0,0,0,0
CHEMBL258683,C[C@@H](NC(=O)OCc1ccccc1)P(=O)(O)C[C@@H](Cc1ccccc1)C(=O)O,12.650611807624795,-3.9728502360306246,12.650611807624795,0.02865237198046744,0.5508071904718251,405.38700000000017,381.19500000000016,405.13412411799993,150,0,0.4076386416894277,-0.48100616343047087,0.48100616343047087,0.4076386416894277,1.0357142857142858,1.5714285714285714,2.107142857142857,31.17767505918441,10.013950012204445,2.3447945885927757,-2.2298649908635104,2.4668427671594246,-2.3480464140935458,7.582953884171535,-0.1405118326468644,1.9181773830796858,827.1042603072541,20.57070333293597,15.524157522190484,16.4185847131904,13.275694130382417,8.831326315179085,10.745327998377196,6.545124147310136,9.196117096652909,4.300821588951206,6.604243619806207,2.63865201098401,4.178845502420672,-2.6299999999999994,1291920.9470627974,21.667622771190704,10.062047237897792,6.833129300781099,163.35922351654892,20.05359055539956,12.38981119820279,0.0,7.368827530443599,0.0,12.062545358890265,9.35958546900315,4.794537184071822,0.0,0.0,60.6636706846161,24.471461806010623,6.161910027467921,5.917906046161393,28.890924604468204,19.431372889333865,0.0,5.316788604006331,5.917906046161393,25.734370020819423,6.161910027467921,71.7905736680101,0.0,0.0,5.316788604006331,4.794537184071822,0.0,7.368827530443599,34.00732361764124,27.124152010242128,5.917906046161393,18.050640183084614,60.6636706846161,0.0,0.0,0.0,112.92999999999999,37.29411819665305,24.154061650668154,0.0,13.027703587438928,0.0,11.126902983393991,6.923737199690624,48.53093654769288,12.13273413692322,5.316788604006331,4.736862953800049,17.69400431317053,0.0,33.78011961604824,11.758945569456413,1.5454348009753374,-3.325739438939781,17.912302084683173,-1.1490263627748356,1.3956985423004475,-3.9728502360306246,0.3,28,3,7,0,0,0,2,0,2,4,3,8,9,0,0,0,2,3.4727000000000015,105.18880000000006,1,0,0,0,0,0,0,0,1,1,2,1,0,0,0,0,1,0,0,0,0,0,0,0,1,0,0,1,0,0,0,0,0,0,2,0,0,0,0,0,0,1,0,0,0,0,0,0,0,0,0,0,0,0,0,0,0,0,0,0,0,0,0,0,0,0,0,0,0,0,0,0,0,0,0,0,0,0,0,0,0,0,0,0,0
CHEMBL350414,O=C(N[C@@H](Cc1ccc(-c2ccccc2)cc1)C(=O)O)[C@@H](S)Cc1ccccc1,12.44075120250993,-1.0641385657926061,12.44075120250993,0.21029541446208122,0.496325392804101,405.5190000000001,382.3350000000001,405.139864596,148,0,0.3260465220556703,-0.4797086330916127,0.4797086330916127,0.3260465220556703,0.7586206896551724,1.2758620689655173,1.8620689655172413,32.116997038191954,10.002019303751242,2.235771433670209,-2.1771403430913017,2.195698764225094,-2.454423286190833,7.813880991520739,-0.14123015970354774,1.6219391446779663,942.8793845754226,20.63961743368831,15.862741641334756,16.75716883233467,14.024877143252587,9.422417153951555,9.938814933445878,6.872005318059705,7.495352579476978,4.689995893043494,5.107078779091077,3.097629082349749,3.382983192277634,-3.049999999999999,3796700.947485752,20.678300280657062,9.937062583213125,5.961626126631896,175.55745101729798,10.423315998847038,6.041840829147961,0.0,5.907179729351506,0.0,5.969305287951849,4.794537184071822,4.794537184071822,12.628789148012991,0.0,84.92913895846256,28.674627589713992,6.4208216229260096,5.249938029982174,14.69560176298435,24.505274165316347,0.0,5.316788604006331,0.0,24.133422104982156,0.0,96.05604194185656,0.0,11.126902983393991,5.316788604006331,0.0,0.0,12.628789148012991,28.274791271274196,22.43071761399566,0.0,11.126902983393991,84.92913895846256,0.0,11.126902983393991,0.0,66.4,17.261084147081984,14.69560176298435,0.0,12.328001352277514,6.4208216229260096,22.253805966787983,0.0,0.0,84.92913895846256,17.94557775201932,0.0,0.0,4.35453788238596,24.109757407277318,11.552914353548305,3.9784161722755433,-1.447942173400325,26.1925208235845,0.6486844232175983,0.0,0.0,0.16666666666666666,29,2,4,0,0,0,3,0,3,3,3,5,8,0,0,0,3,4.006600000000002,118.06850000000001,1,0,0,0,0,0,0,0,1,1,2,1,0,0,0,0,1,0,0,0,0,0,1,0,0,0,0,1,0,0,0,0,0,0,3,0,0,0,0,0,0,0,0,0,0,0,0,0,0,0,0,0,0,0,0,0,0,0,0,0,0,0,0,0,0,0,0,0,0,0,0,0,0,0,0,0,0,0,0,0,0,0,0,0,0
CHEMBL163454,O=C(O)[C@H](Cc1ccc(-c2ccccc2)cc1)NC(=O)[C@H](S)Cc1ccccc1,12.44075120250993,-1.0641385657926052,12.44075120250993,0.21029541446208078,0.496325392804101,405.5190000000001,382.33500000000015,405.139864596,148,0,0.3260465220556703,-0.4797086330916127,0.4797086330916127,0.3260465220556703,0.7586206896551724,1.2758620689655173,1.8620689655172413,32.11699703819196,10.002019303751224,2.2357714336702093,-2.1771403430913012,2.1956987642250954,-2.454423286190835,7.813880991520747,-0.14123015970354702,1.6219391446779663,942.8793845754226,20.63961743368831,15.862741641334756,16.75716883233467,14.024877143252587,9.422417153951555,9.938814933445878,6.872005318059708,7.49535257947698,4.689995893043495,5.107078779091077,3.0976290823497488,3.3829831922776337,-3.049999999999999,3796700.947485752,20.678300280657062,9.937062583213125,5.961626126631896,175.55745101729798,10.423315998847038,6.041840829147961,0.0,5.907179729351506,0.0,5.969305287951849,4.794537184071822,4.794537184071822,12.628789148012991,0.0,84.92913895846256,28.674627589713992,6.4208216229260096,5.249938029982174,14.69560176298435,24.505274165316347,0.0,5.316788604006331,0.0,24.133422104982156,0.0,96.05604194185656,0.0,11.126902983393991,5.316788604006331,0.0,0.0,12.628789148012991,28.274791271274196,22.43071761399566,0.0,11.126902983393991,84.92913895846256,0.0,11.126902983393991,0.0,66.4,17.261084147081984,14.69560176298435,0.0,12.328001352277514,6.4208216229260096,22.253805966787983,0.0,0.0,84.92913895846256,17.94557775201932,0.0,0.0,4.35453788238596,24.109757407277318,11.552914353548303,3.9784161722755433,-1.4479421734003242,26.1925208235845,0.6486844232175979,0.0,0.0,0.16666666666666666,29,2,4,0,0,0,3,0,3,3,3,5,8,0,0,0,3,4.006600000000003,118.06850000000003,1,0,0,0,0,0,0,0,1,1,2,1,0,0,0,0,1,0,0,0,0,0,1,0,0,0,0,1,0,0,0,0,0,0,3,0,0,0,0,0,0,0,0,0,0,0,0,0,0,0,0,0,0,0,0,0,0,0,0,0,0,0,0,0,0,0,0,0,0,0,0,0,0,0,0,0,0,0,0,0,0,0,0,0,0
CHEMBL409721,CC(=O)N[C@@H](C)C(=O)N1CCC[C@@H]1P(=O)(O)C[C@@H](Cc1ccccc1)C(=O)O,13.091878936759887,-3.9595229040690336,13.091878936759887,0.14254427000368564,0.5603215458206423,410.4070000000001,383.1910000000002,410.160673214,154,0,0.30689191444182273,-0.48100616342384994,0.48100616342384994,0.30689191444182273,1.2857142857142858,1.9285714285714286,2.5,31.17767681020716,10.013922113238431,2.440320561293604,-2.3128233551057953,2.5306644809030914,-2.478920920530267,7.583379993102394,-0.14055827132532614,2.1362991624175733,768.9471726650094,20.896976746569027,16.076183603305033,16.970610794304946,13.113898087833945,9.273371066040694,11.187372749238804,7.239772489767966,9.712257249215215,4.916246428460689,7.348605969852267,3.607037030797561,6.018119992421261,-2.1799999999999993,1278378.3388853774,22.112723995860488,9.344890769190343,5.65861593958412,163.92881926967894,20.21663733244999,11.824770062837834,0.0,19.18318698914661,0.0,5.969305287951849,18.948659837146796,0.0,0.0,0.0,30.33183534230805,31.749653560165648,19.630403633071122,5.917906046161393,28.948598834739975,25.15249227709846,0.0,10.216698334856808,5.917906046161393,44.93470933099711,12.706666433380496,35.89528683400505,0.0,0.0,5.316788604006331,0.0,0.0,7.368827530443599,57.21494997131684,25.369481460072805,5.917906046161393,32.25256913693026,30.33183534230805,0.0,0.0,0.0,124.01,43.1498986842141,28.948598834739975,0.0,12.328001352277514,19.386399651764595,5.563451491696996,18.747384130231726,24.26546827384644,6.06636706846161,5.316788604006331,0.0,13.091878936759887,0.0,47.5147292188489,12.030407864653723,0.7717915406903504,-3.8773234735996986,8.129901123322268,0.636937958225837,3.133421957389986,-3.9595229040690336,0.5263157894736842,28,3,8,0,1,1,1,0,1,4,3,9,8,0,1,1,2,1.673399999999999,103.97780000000006,1,0,0,0,0,0,0,0,1,1,3,2,0,0,0,1,1,0,0,0,1,0,0,0,0,0,0,2,0,0,0,0,0,0,1,0,0,0,0,0,0,0,0,0,0,0,0,0,0,0,0,0,0,0,0,0,0,0,0,0,0,0,0,0,0,0,0,0,0,0,0,0,0,0,0,0,0,0,0,0,0,0,0,0,0
CHEMBL271224,O=C(N[C@@H](Cc1ccc(-c2ccccc2)cc1)C(=O)O)[C@@H](S)CC1CCCCC1,12.510082976886348,-1.0243651656918253,12.510082976886348,0.250068814562862,0.5500889241290036,411.5670000000003,382.3350000000001,411.186814788,154,0,0.32604652075344714,-0.4797086330950554,0.4797086330950554,0.32604652075344714,0.9655172413793104,1.5862068965517242,2.206896551724138,32.116997051943194,9.856609935268349,2.259144054035693,-2.243942650851557,2.283589578252344,-2.454016136843968,7.813808668534817,-0.14127962098999983,1.576240310610685,800.6353016491178,20.63961743368831,16.58887447050899,17.4833016615089,14.024877143252587,10.38292503222691,10.899322811721232,7.9220207183236875,8.54536797974096,5.6994583952986195,6.144785606189039,4.013195538646748,4.385873534896713,-2.2699999999999996,3796700.947485752,21.439135997268764,10.490423593690426,6.3599308531925125,177.68417834408442,10.423315998847038,6.041840829147961,0.0,5.907179729351506,0.0,5.969305287951849,4.794537184071822,4.794537184071822,12.628789148012991,0.0,86.70141173078456,29.02908214417839,6.4208216229260096,5.249938029982174,14.69560176298435,24.505274165316347,0.0,5.316788604006331,5.917906046161393,56.23753021961221,0.0,60.160755107851486,0.0,11.126902983393991,5.316788604006331,0.0,0.0,12.628789148012991,28.274791271274196,16.00989599106965,5.917906046161393,44.08838122925306,54.59730361615449,0.0,11.126902983393991,0.0,66.4,17.261084147081984,14.69560176298435,0.0,12.328001352277514,12.338727669087403,29.531997720943007,19.26246486877803,0.0,54.59730361615449,17.94557775201932,0.0,0.0,4.453353075129725,24.210775425404375,11.807358297601283,3.066024473194006,-0.7900860262847587,16.872458493744986,6.935671816765941,0.0,0.0,0.4166666666666667,29,2,4,1,0,1,2,0,2,3,3,5,8,1,0,1,3,4.734300000000004,119.11450000000006,1,0,0,0,0,0,0,0,1,1,2,1,0,0,0,0,1,0,0,0,0,0,1,0,0,0,0,1,0,0,0,0,0,0,2,0,0,0,0,0,0,0,0,0,0,0,0,0,0,0,0,0,0,0,0,0,0,0,0,0,0,0,0,0,0,0,0,0,0,0,0,0,0,0,0,0,0,0,0,0,0,0,0,0,0
CHEMBL271224,O=C(N[C@@H](Cc1ccc(-c2ccccc2)cc1)C(=O)O)[C@@H](S)CC1CCCCC1,12.510082976886348,-1.0243651656918253,12.510082976886348,0.250068814562862,0.5500889241290036,411.5670000000003,382.3350000000001,411.186814788,154,0,0.32604652075344714,-0.4797086330950554,0.4797086330950554,0.32604652075344714,0.9655172413793104,1.5862068965517242,2.206896551724138,32.116997051943194,9.856609935268349,2.259144054035693,-2.243942650851557,2.283589578252344,-2.454016136843968,7.813808668534817,-0.14127962098999983,1.576240310610685,800.6353016491178,20.63961743368831,16.58887447050899,17.4833016615089,14.024877143252587,10.38292503222691,10.899322811721232,7.9220207183236875,8.54536797974096,5.6994583952986195,6.144785606189039,4.013195538646748,4.385873534896713,-2.2699999999999996,3796700.947485752,21.439135997268764,10.490423593690426,6.3599308531925125,177.68417834408442,10.423315998847038,6.041840829147961,0.0,5.907179729351506,0.0,5.969305287951849,4.794537184071822,4.794537184071822,12.628789148012991,0.0,86.70141173078456,29.02908214417839,6.4208216229260096,5.249938029982174,14.69560176298435,24.505274165316347,0.0,5.316788604006331,5.917906046161393,56.23753021961221,0.0,60.160755107851486,0.0,11.126902983393991,5.316788604006331,0.0,0.0,12.628789148012991,28.274791271274196,16.00989599106965,5.917906046161393,44.08838122925306,54.59730361615449,0.0,11.126902983393991,0.0,66.4,17.261084147081984,14.69560176298435,0.0,12.328001352277514,12.338727669087403,29.531997720943007,19.26246486877803,0.0,54.59730361615449,17.94557775201932,0.0,0.0,4.453353075129725,24.210775425404375,11.807358297601283,3.066024473194006,-0.7900860262847587,16.872458493744986,6.935671816765941,0.0,0.0,0.4166666666666667,29,2,4,1,0,1,2,0,2,3,3,5,8,1,0,1,3,4.734300000000004,119.11450000000006,1,0,0,0,0,0,0,0,1,1,2,1,0,0,0,0,1,0,0,0,0,0,1,0,0,0,0,1,0,0,0,0,0,0,2,0,0,0,0,0,0,0,0,0,0,0,0,0,0,0,0,0,0,0,0,0,0,0,0,0,0,0,0,0,0,0,0,0,0,0,0,0,0,0,0,0,0,0,0,0,0,0,0,0,0
